-- De momento, no hay datos iniciales
/* Entidad por defecto */
set escape on;
Insert into RS2_ENTIDA (ENTI_CODIGO,ENTI_IDENTI,ENTI_ACTIVA,ENTI_ROLADE,ENTI_ROLADC,ENTI_ROLGES,ENTI_ROLINF,ENTI_LOGO, ENTI_IDIPER, ENTI_IDIDEF, ENTI_IDIOBL) values (1 ,'GOIB','1','ROLADE','ROLADC','ROLGES','ROLINF',null, 'es;ca;', 'ca', 'es;ca;');

Insert into RS2_TRAENT (TREN_CODIGO,TREN_CODENT,TREN_IDIOMA,TREN_DESCRI, TREN_LOPDFI, TREN_LOPDDS, TREN_LOPDDR, TREN_LOPDCB, TREN_LOPDPL, TREN_UACOMU) values (RS2_TRAENT_SEQ.NEXTVAL,1,'ca','GOIB descenti ca','Tramitació del procediment','El destinatari de la lopd','El dret de la lopd', 'De conformitat amb el reglament (UE) 2016/679 i la legistació vigente en matèria de protecció de dades, s''informa del tractament de les dades personales que contè aquest tràmit', 'http://www.caib.es/plantillaCAT.pdf' ,'Responsable lopd comú');
Insert into RS2_TRAENT (TREN_CODIGO,TREN_CODENT,TREN_IDIOMA,TREN_DESCRI, TREN_LOPDFI, TREN_LOPDDS, TREN_LOPDDR, TREN_LOPDCB, TREN_LOPDPL, TREN_UACOMU) values (RS2_TRAENT_SEQ.NEXTVAL,1,'es','GOIB descenti es','Tramitación del procedimiento','El destinatario de la lopd','El derecho de la lopd','De conformidad con el reglamento (UE) 2016/679 y la legistación vigente en materia de protección de datos, se informa del tratamiento de los datos personales que contiene este trámite', 'http://www.caib.es/plantillaESP.pdf' ,'Responsable lopd común');


/*Usuario por defecto*/
Insert into RS2_USER (USER_CODIGO,USER_USER, USER_NOMBRE, USER_EMAIL) values (RS2_USER_SEQ.NEXTVAL,'rolsac2', 'nom usuari', 'rolsac2@info.com');
Insert into RS2_TRAUSER (TRUS_CODIGO, TRUS_CODUS, TRUS_IDIOMA, TRUS_OBSER) values (RS2_TRAUSER_SEQ.NEXTVAL, RS2_USER_SEQ.CURRVAL, 'es', 'Observaciones ES');
Insert into RS2_TRAUSER (TRUS_CODIGO, TRUS_CODUS, TRUS_IDIOMA, TRUS_OBSER) values (RS2_TRAUSER_SEQ.NEXTVAL, RS2_USER_SEQ.CURRVAL, 'ca', 'Observaciones CA');

/*UA por defecto*/
Insert into RS2_UNIADM (UNAD_CODIGO,UNAD_CODENTI,UNAD_TIPOUA,UNAD_UNADPADRE,UNAD_DIR3,UNAD_IDENTI,UNAD_TFNO,UNAD_FAX,UNAD_EMAIL,UNAD_DOMINI,UNAD_RSPNOM,UNAD_RSPSEX,UNAD_RSPEMA,UNAD_ORDEN,UNAD_VERSION)
values (1,1,null,null,'A04003003',null,null,null,null,null,null,null,null,'1','1');
Insert into RS2_TRAUNAD (TRUA_CODIGO,TRUA_CODUNAD,TRUA_IDIOMA,TRUA_NOMBRE,TRUA_PRESEN,TRUA_URLWEB,TRUA_ABREVI,TRUA_RSPCV) values (RS2_TRAUNAD_SEQ.NEXTVAL,1,'es','Gobierno de las Islas Baleares',null,null,null, EMPTY_CLOB());
Insert into RS2_TRAUNAD (TRUA_CODIGO,TRUA_CODUNAD,TRUA_IDIOMA,TRUA_NOMBRE,TRUA_PRESEN,TRUA_URLWEB,TRUA_ABREVI,TRUA_RSPCV) values (RS2_TRAUNAD_SEQ.NEXTVAL,1,'ca','Govern de les Illes Balears',null,null,null, EMPTY_CLOB());

Insert into RS2_USERUA (UAUS_CODUSER,UAUS_CODUA) values (RS2_USER_SEQ.CURRVAL,1);
Insert into RS2_USENTI (USEN_CODUSER,USEN_CODENTI) values (RS2_USER_SEQ.CURRVAL,1);

Insert into RS2_PLUGIN (PLUG_CODIGO, PLUG_CODENTI, PLUG_DESC, PLUG_CLASSNAME, PLUG_PROPS, PLUG_PREPRO, PLUG_TIPO)
VALUES (RS2_PLUGIN_SEQ.NEXTVAL, 1, 'Plugin de boletín', 'es.caib.rolsac2.commons.plugins.boletin.eboib.EboibPlugin',
        '[{"codigo":"eboibUrl","valor":"https://www.caib.es/eboibfront/","orden":null}, {"codigo":"tipoBoletin","valor":"1","orden":null}]',
        'pluginsib.boletin.eboib.', 'BOL');

Insert into RS2_PLUGIN (PLUG_CODIGO, PLUG_CODENTI, PLUG_DESC, PLUG_CLASSNAME, PLUG_PROPS, PLUG_PREPRO, PLUG_TIPO)
VALUES (RS2_PLUGIN_SEQ.NEXTVAL, 1, 'Plugin de traducción', 'es.caib.rolsac2.commons.plugins.traduccion.translatorib.TranslatorIBPlugin',
        '[{"codigo":"url","valor":"https://dev.caib.es/translatorib/api/services/traduccion/v1","orden":null},{"codigo":"usr","valor":"api-tib","orden":null},{"codigo":"pwd","valor":"XXXXXX","orden":null}]',
        'pluginsib.traduccion.translatorib.', 'TRA');

Insert into RS2_PLUGIN (PLUG_CODIGO, PLUG_CODENTI, PLUG_DESC, PLUG_CLASSNAME, PLUG_PROPS, PLUG_PREPRO, PLUG_TIPO)
VALUES (RS2_PLUGIN_SEQ.NEXTVAL, 1, 'Plugin de consulta al API REST DIR3CAIB', 'es.caib.rolsac2.commons.plugins.dir3.caib.Dir3CaibRestPlugin',
        '[{"codigo":"url","valor":"https://dev.caib.es/dir3caib/rest","orden":null},{"codigo":"usr","valor":"$sistra_dir3caib","orden":null},{"codigo":"pwd","valor":"sistra_dir3caib","orden":null}]',
        'es.caib.rolsac2.pluginsib.dir3.caib.', 'DI3');

Insert into RS2_PLUGIN (PLUG_CODIGO, PLUG_CODENTI, PLUG_DESC, PLUG_CLASSNAME, PLUG_PROPS, PLUG_PREPRO, PLUG_TIPO)
VALUES (RS2_PLUGIN_SEQ.NEXTVAL, 1, 'Plugin de indexacion sia', 'es.caib.rolsac2.commons.plugins.sia.sia.SiaWSPlugin',
        '[{"codigo":"url","valor":"http://pre-sia2.redsara.es/axis2/services/wsSIAActualizarActuaciones","orden":null}]',
        'pluginsib.indexacion.sia.', 'SIA');

Insert into RS2_PLUGIN (PLUG_CODIGO, PLUG_CODENTI, PLUG_DESC, PLUG_CLASSNAME, PLUG_PROPS, PLUG_PREPRO, PLUG_TIPO)
VALUES (RS2_PLUGIN_SEQ.NEXTVAL, 1, 'Plugin de envío de email', 'es.caib.rolsac2.commons.plugins.email.emailSmtp.EmailSmtpPlugin',
        '[{"codigo":"jndi","valor":"es.caib.rolsac2.mail","orden":null}]',
        'pluginsib.email.smtp.', 'EMA');

Insert into RS2_PLUGIN (PLUG_CODIGO, PLUG_CODENTI, PLUG_DESC, PLUG_CLASSNAME, PLUG_PROPS, PLUG_PREPRO, PLUG_TIPO)
VALUES (RS2_PLUGIN_SEQ.NEXTVAL, 1, 'Plugin de indexacion', 'es.caib.rolsac2.commons.plugins.indexacion.solr.PluginIndexacionSolr',
        '[{"codigo":"urlSolr","valor":"VALOR_URLSOLR","orden":null},{"codigo":"usrSolr","valor":"VALOR_USRSOLR","orden":null},{"codigo":"indexSolr","valor":"VALOR_INDEXSOLR","orden":null},{"codigo":"pwdSolr","valor":"VALOR_PWDSOLR","orden":null},{"codigo":"activoSolr","valor":"true","orden":null},{"codigo":"urlElastic","valor":"VALOR_URLELASTIC","orden":null},{"codigo":"usrElastic","valor":"VALOR_USRELASTIC","orden":null},{"codigo":"pwdElastic","valor":"VALOR_PWDELASTIC","orden":null},{"codigo":"activoElastic","valor":"true","orden":null}]',
        'pluginsib.index.solr.', 'IDX');


/** Inserción de procesos automáticos **/
insert into RS2_PROCES (PROCES_CODIGO, PROCES_CODENTI, PROCES_IDENTI, PROCES_DESCRI, proces_cron, proces_activo, proces_params) VALUES (RS2_PROCES_SEQ.NEXTVAL, 1, 'TEST', 'Proceso de prueba', null, 1, '[{"codigo":"valida","valor":"true"}]');
insert into RS2_PROCEX (procex_codigo, procex_instan, procex_fecha) VALUES ('MAESTRO', 'XXXX', to_date('1998/05/31:12:00:00AM', 'yyyy/mm/dd:hh:mi:ssam'));
insert into RS2_PROCES (PROCES_CODIGO, PROCES_CODENTI, PROCES_IDENTI, PROCES_DESCRI, proces_cron, proces_activo, proces_params) VALUES (RS2_PROCES_SEQ.NEXTVAL, 1, 'SIA_PUNT', 'Proceso de lanzamiento puntual SIA', null, 1, '[{"codigo":"valida","valor":"true"}]');
insert into RS2_PROCES (PROCES_CODIGO, PROCES_CODENTI, PROCES_IDENTI, PROCES_DESCRI, proces_cron, proces_activo, proces_params) VALUES (RS2_PROCES_SEQ.NEXTVAL, 1, 'SOLR_PUNT', 'Proceso  de lanzamiento puntual SOLR', null, 1, '[{"codigo":"valida","valor":"true"}]');
insert into RS2_PROCES (PROCES_CODIGO, PROCES_CODENTI, PROCES_IDENTI, PROCES_DESCRI, proces_cron, proces_activo, proces_params) VALUES (RS2_PROCES_SEQ.NEXTVAL, 1, 'MIGRA_PUNT', 'Proceso  de lanzamiento puntual MIGRACION', null, 1, '[{"codigo":"valida","valor":"true"}]');
Insert into RS2_PROCES (PROCES_CODIGO,PROCES_CODENTI,PROCES_IDENTI,PROCES_DESCRI,PROCES_CRON,PROCES_ACTIVO,PROCES_PARAMS)
values (RS2_PROCES_SEQ.NEXTVAL,1,'DIR3','Proceso automático para la sincronización del organigrama DIR3','0 0 23 */7 * *','1',
        '[{"codigo":"codigoDir3","valor":"A04003003","orden":null},{"codigo":"denominacionCooficial","valor":"false","orden":null}]');

/** Los 3 tipos de publico objetivo basico y entidad que son 1.Ciudadano 2.Empresa 3.Administración . **/
INSERT INTO RS2_TIPOPUB(TPPO_CODIGO, TPPO_IDENTI, TPPO_EMPPUB)
VALUES (1, 'CIUDADANO', 0);
INSERT INTO RS2_TRATPPO(TRTP_CODIGO, TRTP_CODTPPO, TRTP_IDIOMA, TRTP_DESCRI)
VALUES (RS2_TRATPPO_SEQ.NEXTVAL, 1, 'es','Ciudadano');
INSERT INTO RS2_TRATPPO(TRTP_CODIGO, TRTP_CODTPPO, TRTP_IDIOMA, TRTP_DESCRI)
VALUES (RS2_TRATPPO_SEQ.NEXTVAL, 1, 'ca','Ciutadà');

INSERT INTO RS2_TIPOSPU(TPSP_CODIGO, TPSP_CODENTI, TPSP_CODTPPO,TPSP_IDENTI)
VALUES (200,1,1, 'CIUDADANO');
INSERT INTO RS2_TRATPSP(TRSP_CODIGO, TRSP_CODTPSP, TRSP_IDIOMA, TRSP_DESCR)
VALUES (RS2_TRATPSP_SEQ.NEXTVAL, 200, 'es','Ciudadano');
INSERT INTO RS2_TRATPSP(TRSP_CODIGO, TRSP_CODTPSP, TRSP_IDIOMA, TRSP_DESCR)
VALUES (RS2_TRATPSP_SEQ.NEXTVAL, 200, 'ca','Ciutadà');

INSERT INTO RS2_TIPOPUB(TPPO_CODIGO, TPPO_IDENTI, TPPO_EMPPUB)
VALUES (2, 'EMPRESAS', 0);
INSERT INTO RS2_TRATPPO(TRTP_CODIGO, TRTP_CODTPPO, TRTP_IDIOMA, TRTP_DESCRI)
VALUES (RS2_TRATPPO_SEQ.NEXTVAL, 2, 'es','Empresas');
INSERT INTO RS2_TRATPPO(TRTP_CODIGO, TRTP_CODTPPO, TRTP_IDIOMA, TRTP_DESCRI)
VALUES (RS2_TRATPPO_SEQ.NEXTVAL, 2, 'ca','Empreses');

INSERT INTO RS2_TIPOSPU(TPSP_CODIGO, TPSP_CODENTI, TPSP_CODTPPO,TPSP_IDENTI)
VALUES (201,1,2, 'EMPRESA');
INSERT INTO RS2_TRATPSP(TRSP_CODIGO, TRSP_CODTPSP, TRSP_IDIOMA, TRSP_DESCR)
VALUES (RS2_TRATPSP_SEQ.NEXTVAL, 201, 'es','Empresas');
INSERT INTO RS2_TRATPSP(TRSP_CODIGO, TRSP_CODTPSP, TRSP_IDIOMA, TRSP_DESCR)
VALUES (RS2_TRATPSP_SEQ.NEXTVAL, 201, 'ca','Empreses');

INSERT INTO RS2_TIPOPUB(TPPO_CODIGO, TPPO_IDENTI, TPPO_EMPPUB)
VALUES (3, 'ADMINISTRACION', 0);
INSERT INTO RS2_TRATPPO(TRTP_CODIGO, TRTP_CODTPPO, TRTP_IDIOMA, TRTP_DESCRI)
VALUES (RS2_TRATPPO_SEQ.NEXTVAL, 3, 'es','Administraciones');
INSERT INTO RS2_TRATPPO(TRTP_CODIGO, TRTP_CODTPPO, TRTP_IDIOMA, TRTP_DESCRI)
VALUES (RS2_TRATPPO_SEQ.NEXTVAL, 3, 'ca','Administracions');

INSERT INTO RS2_TIPOSPU(TPSP_CODIGO, TPSP_CODENTI, TPSP_CODTPPO,TPSP_IDENTI)
VALUES (202,1,3, 'ADMINISTRACION');
INSERT INTO RS2_TRATPSP(TRSP_CODIGO, TRSP_CODTPSP, TRSP_IDIOMA, TRSP_DESCR)
VALUES (RS2_TRATPSP_SEQ.NEXTVAL, 202, 'es','Administraciones');
INSERT INTO RS2_TRATPSP(TRSP_CODIGO, TRSP_CODTPSP, TRSP_IDIOMA, TRSP_DESCR)
VALUES (RS2_TRATPSP_SEQ.NEXTVAL, 202, 'ca','Administracions');

INSERT INTO RS2_TIPOPUB(TPPO_CODIGO, TPPO_IDENTI, TPPO_EMPPUB)
VALUES (4, 'EMPLEOPUBLICO', 0);
INSERT INTO RS2_TRATPPO(TRTP_CODIGO, TRTP_CODTPPO, TRTP_IDIOMA, TRTP_DESCRI)
VALUES (RS2_TRATPPO_SEQ.NEXTVAL, 4, 'es','Empleo público');
INSERT INTO RS2_TRATPPO(TRTP_CODIGO, TRTP_CODTPPO, TRTP_IDIOMA, TRTP_DESCRI)
VALUES (RS2_TRATPPO_SEQ.NEXTVAL, 4, 'ca','Empleat públic');

INSERT INTO RS2_TIPOSPU(TPSP_CODIGO, TPSP_CODENTI, TPSP_CODTPPO,TPSP_IDENTI)
VALUES (2745849,1,4, 'EMPLEOPUBLICO');
INSERT INTO RS2_TRATPSP(TRSP_CODIGO, TRSP_CODTPSP, TRSP_IDIOMA, TRSP_DESCR)
VALUES (RS2_TRATPSP_SEQ.NEXTVAL, 2745849, 'es','Empleo público');
INSERT INTO RS2_TRATPSP(TRSP_CODIGO, TRSP_CODTPSP, TRSP_IDIOMA, TRSP_DESCR)
VALUES (RS2_TRATPSP_SEQ.NEXTVAL, 2745849, 'ca','Empleat públic');

/** Las materias cogiendo de la tabla ROLSAC1 RSC_SIAMAT **/
INSERT INTO RS2_TIPOMSI(TPMS_CODIGO, TPMS_IDENTI, TPMS_CODSIA)
VALUES (21, 'AGRICULTURA_PESCA', 21);
INSERT INTO RS2_TRATPMS(TRTI_CODIGO, TRTI_CODTPMS, TRTI_IDIOMA, TRTI_DESCRI)
VALUES (RS2_TRATPMS_SEQ.NEXTVAL, 21, 'es', 'Agricultura, Ganadería; Pesca y Alimentación');
INSERT INTO RS2_TRATPMS(TRTI_CODIGO, TRTI_CODTPMS, TRTI_IDIOMA, TRTI_DESCRI)
VALUES (RS2_TRATPMS_SEQ.NEXTVAL, 21, 'ca', 'Agricultura, Ramaderia; Pesca i Alimentació');

INSERT INTO RS2_TIPOMSI(TPMS_CODIGO, TPMS_IDENTI, TPMS_CODSIA)
VALUES (22, 'BECAS_AYUDAS_PREM', 22);
INSERT INTO RS2_TRATPMS(TRTI_CODIGO, TRTI_CODTPMS, TRTI_IDIOMA, TRTI_DESCRI)
VALUES (RS2_TRATPMS_SEQ.NEXTVAL, 22, 'es', 'Becas, Ayudas y Premios');
INSERT INTO RS2_TRATPMS(TRTI_CODIGO, TRTI_CODTPMS, TRTI_IDIOMA, TRTI_DESCRI)
VALUES (RS2_TRATPMS_SEQ.NEXTVAL, 22, 'ca', 'Beques, Ajudes i Premis');

INSERT INTO RS2_TIPOMSI(TPMS_CODIGO, TPMS_IDENTI, TPMS_CODSIA)
VALUES (23, 'CONSUM', 23);
INSERT INTO RS2_TRATPMS(TRTI_CODIGO, TRTI_CODTPMS, TRTI_IDIOMA, TRTI_DESCRI)
VALUES (RS2_TRATPMS_SEQ.NEXTVAL, 23, 'es', 'Consumo');
INSERT INTO RS2_TRATPMS(TRTI_CODIGO, TRTI_CODTPMS, TRTI_IDIOMA, TRTI_DESCRI)
VALUES (RS2_TRATPMS_SEQ.NEXTVAL, 23, 'ca', 'Consum');

INSERT INTO RS2_TIPOMSI(TPMS_CODIGO, TPMS_IDENTI, TPMS_CODSIA)
VALUES (26, 'ECONOMIA_PATRIMONIO', 26);
INSERT INTO RS2_TRATPMS(TRTI_CODIGO, TRTI_CODTPMS, TRTI_IDIOMA, TRTI_DESCRI)
VALUES (RS2_TRATPMS_SEQ.NEXTVAL, 26, 'es', 'Economía y Patrimonio del Estado');
INSERT INTO RS2_TRATPMS(TRTI_CODIGO, TRTI_CODTPMS, TRTI_IDIOMA, TRTI_DESCRI)
VALUES (RS2_TRATPMS_SEQ.NEXTVAL, 26, 'ca', 'Economia i Patrimoni de lEstat');

INSERT INTO RS2_TIPOMSI(TPMS_CODIGO, TPMS_IDENTI, TPMS_CODSIA)
VALUES (27, 'EDUCACION_FORMACION', 27);
INSERT INTO RS2_TRATPMS(TRTI_CODIGO, TRTI_CODTPMS, TRTI_IDIOMA, TRTI_DESCRI)
VALUES (RS2_TRATPMS_SEQ.NEXTVAL, 27, 'es', 'Educación y formación');
INSERT INTO RS2_TRATPMS(TRTI_CODIGO, TRTI_CODTPMS, TRTI_IDIOMA, TRTI_DESCRI)
VALUES (RS2_TRATPMS_SEQ.NEXTVAL, 27, 'ca', 'Educació i formació');

INSERT INTO RS2_TIPOMSI(TPMS_CODIGO, TPMS_IDENTI, TPMS_CODSIA)
VALUES (28, 'EMPRESES', 28);
INSERT INTO RS2_TRATPMS(TRTI_CODIGO, TRTI_CODTPMS, TRTI_IDIOMA, TRTI_DESCRI)
VALUES (RS2_TRATPMS_SEQ.NEXTVAL, 28, 'es', 'Empresas');
INSERT INTO RS2_TRATPMS(TRTI_CODIGO, TRTI_CODTPMS, TRTI_IDIOMA, TRTI_DESCRI)
VALUES (RS2_TRATPMS_SEQ.NEXTVAL, 28, 'ca', 'Empreses');

INSERT INTO RS2_TIPOMSI(TPMS_CODIGO, TPMS_IDENTI, TPMS_CODSIA)
VALUES (29, 'ENERGIA_INDUSTRIAS', 29);
INSERT INTO RS2_TRATPMS(TRTI_CODIGO, TRTI_CODTPMS, TRTI_IDIOMA, TRTI_DESCRI)
VALUES (RS2_TRATPMS_SEQ.NEXTVAL, 29, 'es', 'Energía e Industria');
INSERT INTO RS2_TRATPMS(TRTI_CODIGO, TRTI_CODTPMS, TRTI_IDIOMA, TRTI_DESCRI)
VALUES (RS2_TRATPMS_SEQ.NEXTVAL, 29, 'ca', 'Energia i Indústria');

INSERT INTO RS2_TIPOMSI(TPMS_CODIGO, TPMS_IDENTI, TPMS_CODSIA)
VALUES (30, 'IMPUESTOS_OTROS', 30);
INSERT INTO RS2_TRATPMS(TRTI_CODIGO, TRTI_CODTPMS, TRTI_IDIOMA, TRTI_DESCRI)
VALUES (RS2_TRATPMS_SEQ.NEXTVAL, 30, 'es', 'Impuestos y otros tributos');
INSERT INTO RS2_TRATPMS(TRTI_CODIGO, TRTI_CODTPMS, TRTI_IDIOMA, TRTI_DESCRI)
VALUES (RS2_TRATPMS_SEQ.NEXTVAL, 30, 'ca', 'Imposats i altres tributs');

INSERT INTO RS2_TIPOMSI(TPMS_CODIGO, TPMS_IDENTI, TPMS_CODSIA)
VALUES (31, 'JUSTICIA', 31);
INSERT INTO RS2_TRATPMS(TRTI_CODIGO, TRTI_CODTPMS, TRTI_IDIOMA, TRTI_DESCRI)
VALUES (RS2_TRATPMS_SEQ.NEXTVAL, 31, 'es', 'Justicia');
INSERT INTO RS2_TRATPMS(TRTI_CODIGO, TRTI_CODTPMS, TRTI_IDIOMA, TRTI_DESCRI)
VALUES (RS2_TRATPMS_SEQ.NEXTVAL, 31, 'ca', 'Justicia');

INSERT INTO RS2_TIPOMSI(TPMS_CODIGO, TPMS_IDENTI, TPMS_CODSIA)
VALUES (32, 'MEDIO_AMBIENTE', 32);
INSERT INTO RS2_TRATPMS(TRTI_CODIGO, TRTI_CODTPMS, TRTI_IDIOMA, TRTI_DESCRI)
VALUES (RS2_TRATPMS_SEQ.NEXTVAL, 32, 'es', 'Medio Ambiente');
INSERT INTO RS2_TRATPMS(TRTI_CODIGO, TRTI_CODTPMS, TRTI_IDIOMA, TRTI_DESCRI)
VALUES (RS2_TRATPMS_SEQ.NEXTVAL, 32, 'ca', 'Medi Ambient');

INSERT INTO RS2_TIPOMSI(TPMS_CODIGO, TPMS_IDENTI, TPMS_CODSIA)
VALUES (33, 'PENSIONES', 33);
INSERT INTO RS2_TRATPMS(TRTI_CODIGO, TRTI_CODTPMS, TRTI_IDIOMA, TRTI_DESCRI)
VALUES (RS2_TRATPMS_SEQ.NEXTVAL, 33, 'es', 'Pensiones');
INSERT INTO RS2_TRATPMS(TRTI_CODIGO, TRTI_CODTPMS, TRTI_IDIOMA, TRTI_DESCRI)
VALUES (RS2_TRATPMS_SEQ.NEXTVAL, 33, 'ca', 'Pensions');

INSERT INTO RS2_TIPOMSI(TPMS_CODIGO, TPMS_IDENTI, TPMS_CODSIA)
VALUES (34, 'RELACIONES_ADMIN', 34);
INSERT INTO RS2_TRATPMS(TRTI_CODIGO, TRTI_CODTPMS, TRTI_IDIOMA, TRTI_DESCRI)
VALUES (RS2_TRATPMS_SEQ.NEXTVAL, 34, 'es', 'Relaciones con la Administración ');
INSERT INTO RS2_TRATPMS(TRTI_CODIGO, TRTI_CODTPMS, TRTI_IDIOMA, TRTI_DESCRI)
VALUES (RS2_TRATPMS_SEQ.NEXTVAL, 34, 'ca', 'Relacions amb lAdministració ');

INSERT INTO RS2_TIPOMSI(TPMS_CODIGO, TPMS_IDENTI, TPMS_CODSIA)
VALUES (35, 'SALUD', 35);
INSERT INTO RS2_TRATPMS(TRTI_CODIGO, TRTI_CODTPMS, TRTI_IDIOMA, TRTI_DESCRI)
VALUES (RS2_TRATPMS_SEQ.NEXTVAL, 35, 'es', 'Salud ');
INSERT INTO RS2_TRATPMS(TRTI_CODIGO, TRTI_CODTPMS, TRTI_IDIOMA, TRTI_DESCRI)
VALUES (RS2_TRATPMS_SEQ.NEXTVAL, 35, 'ca', 'Salut ');

INSERT INTO RS2_TIPOMSI(TPMS_CODIGO, TPMS_IDENTI, TPMS_CODSIA)
VALUES (37, 'EMPLEO_SEGSOCIAL', 37);
INSERT INTO RS2_TRATPMS(TRTI_CODIGO, TRTI_CODTPMS, TRTI_IDIOMA, TRTI_DESCRI)
VALUES (RS2_TRATPMS_SEQ.NEXTVAL, 37, 'es', 'Empleo y Seguridad social');
INSERT INTO RS2_TRATPMS(TRTI_CODIGO, TRTI_CODTPMS, TRTI_IDIOMA, TRTI_DESCRI)
VALUES (RS2_TRATPMS_SEQ.NEXTVAL, 37, 'ca', 'Ocupació i Seguretat social');

INSERT INTO RS2_TIPOMSI(TPMS_CODIGO, TPMS_IDENTI, TPMS_CODSIA)
VALUES (38, 'TRAFICO_TRANSPORTES', 38);
INSERT INTO RS2_TRATPMS(TRTI_CODIGO, TRTI_CODTPMS, TRTI_IDIOMA, TRTI_DESCRI)
VALUES (RS2_TRATPMS_SEQ.NEXTVAL, 38, 'es', 'Tráfico y Transportes');
INSERT INTO RS2_TRATPMS(TRTI_CODIGO, TRTI_CODTPMS, TRTI_IDIOMA, TRTI_DESCRI)
VALUES (RS2_TRATPMS_SEQ.NEXTVAL, 38, 'ca', 'Trànsit i Transports');

INSERT INTO RS2_TIPOMSI(TPMS_CODIGO, TPMS_IDENTI, TPMS_CODSIA)
VALUES (39, 'VIVIENDA_URBANISMO', 39);
INSERT INTO RS2_TRATPMS(TRTI_CODIGO, TRTI_CODTPMS, TRTI_IDIOMA, TRTI_DESCRI)
VALUES (RS2_TRATPMS_SEQ.NEXTVAL, 39, 'es', 'Vivienda y Urbanismo');
INSERT INTO RS2_TRATPMS(TRTI_CODIGO, TRTI_CODTPMS, TRTI_IDIOMA, TRTI_DESCRI)
VALUES (RS2_TRATPMS_SEQ.NEXTVAL, 39, 'ca', 'Habitatge i Urbanisme');

INSERT INTO RS2_TIPOMSI(TPMS_CODIGO, TPMS_IDENTI, TPMS_CODSIA)
VALUES (40, 'ASOCIACIONES_FUNDACIONES', 40);
INSERT INTO RS2_TRATPMS(TRTI_CODIGO, TRTI_CODTPMS, TRTI_IDIOMA, TRTI_DESCRI)
VALUES (RS2_TRATPMS_SEQ.NEXTVAL, 40, 'es', 'Asociaciones, Fundaciones y otras Entidades');
INSERT INTO RS2_TRATPMS(TRTI_CODIGO, TRTI_CODTPMS, TRTI_IDIOMA, TRTI_DESCRI)
VALUES (RS2_TRATPMS_SEQ.NEXTVAL, 40, 'ca', 'Associacions, Fundacions i altres Entitats');

INSERT INTO RS2_TIPOMSI(TPMS_CODIGO, TPMS_IDENTI, TPMS_CODSIA)
VALUES (41, 'ACCION_EXTERIOR', 41);
INSERT INTO RS2_TRATPMS(TRTI_CODIGO, TRTI_CODTPMS, TRTI_IDIOMA, TRTI_DESCRI)
VALUES (RS2_TRATPMS_SEQ.NEXTVAL, 41, 'es', 'Acción exterior');
INSERT INTO RS2_TRATPMS(TRTI_CODIGO, TRTI_CODTPMS, TRTI_IDIOMA, TRTI_DESCRI)
VALUES (RS2_TRATPMS_SEQ.NEXTVAL, 41, 'ca', 'Acció exterior');

INSERT INTO RS2_TIPOMSI(TPMS_CODIGO, TPMS_IDENTI, TPMS_CODSIA)
VALUES (42, 'CULTURA', 42);
INSERT INTO RS2_TRATPMS(TRTI_CODIGO, TRTI_CODTPMS, TRTI_IDIOMA, TRTI_DESCRI)
VALUES (RS2_TRATPMS_SEQ.NEXTVAL, 42, 'es', 'Cultura');
INSERT INTO RS2_TRATPMS(TRTI_CODIGO, TRTI_CODTPMS, TRTI_IDIOMA, TRTI_DESCRI)
VALUES (RS2_TRATPMS_SEQ.NEXTVAL, 42, 'ca', 'Cultura');

INSERT INTO RS2_TIPOMSI(TPMS_CODIGO, TPMS_IDENTI, TPMS_CODSIA)
VALUES (43, 'DEPORTES', 43);
INSERT INTO RS2_TRATPMS(TRTI_CODIGO, TRTI_CODTPMS, TRTI_IDIOMA, TRTI_DESCRI)
VALUES (RS2_TRATPMS_SEQ.NEXTVAL, 43, 'es', 'Deportes');
INSERT INTO RS2_TRATPMS(TRTI_CODIGO, TRTI_CODTPMS, TRTI_IDIOMA, TRTI_DESCRI)
VALUES (RS2_TRATPMS_SEQ.NEXTVAL, 43, 'ca', 'Deportes');

INSERT INTO RS2_TIPOMSI(TPMS_CODIGO, TPMS_IDENTI, TPMS_CODSIA)
VALUES (44, 'CIUDADANIA_NACIONALIDAD', 44);
INSERT INTO RS2_TRATPMS(TRTI_CODIGO, TRTI_CODTPMS, TRTI_IDIOMA, TRTI_DESCRI)
VALUES (RS2_TRATPMS_SEQ.NEXTVAL, 44, 'es', 'Ciudadanía y nacionalidad');
INSERT INTO RS2_TRATPMS(TRTI_CODIGO, TRTI_CODTPMS, TRTI_IDIOMA, TRTI_DESCRI)
VALUES (RS2_TRATPMS_SEQ.NEXTVAL, 44, 'ca', 'Ciutadania i nacionalitat');

INSERT INTO RS2_TIPOMSI(TPMS_CODIGO, TPMS_IDENTI, TPMS_CODSIA)
VALUES (45, 'ESTADISTICAS', 45);
INSERT INTO RS2_TRATPMS(TRTI_CODIGO, TRTI_CODTPMS, TRTI_IDIOMA, TRTI_DESCRI)
VALUES (RS2_TRATPMS_SEQ.NEXTVAL, 45, 'es', 'Estadísticas');
INSERT INTO RS2_TRATPMS(TRTI_CODIGO, TRTI_CODTPMS, TRTI_IDIOMA, TRTI_DESCRI)
VALUES (RS2_TRATPMS_SEQ.NEXTVAL, 45, 'ca', 'Estadístiques');

INSERT INTO RS2_TIPOMSI(TPMS_CODIGO, TPMS_IDENTI, TPMS_CODSIA)
VALUES (46, 'PARTICIPACION_CIUDADANA', 46);
INSERT INTO RS2_TRATPMS(TRTI_CODIGO, TRTI_CODTPMS, TRTI_IDIOMA, TRTI_DESCRI)
VALUES (RS2_TRATPMS_SEQ.NEXTVAL, 46, 'es', 'Participación e iniciativa ciudadana');
INSERT INTO RS2_TRATPMS(TRTI_CODIGO, TRTI_CODTPMS, TRTI_IDIOMA, TRTI_DESCRI)
VALUES (RS2_TRATPMS_SEQ.NEXTVAL, 46, 'ca', 'Participació i iniciativa ciutadana');

INSERT INTO RS2_TIPOMSI(TPMS_CODIGO, TPMS_IDENTI, TPMS_CODSIA)
VALUES (47, 'PROTECCION_CIVIL', 47);
INSERT INTO RS2_TRATPMS(TRTI_CODIGO, TRTI_CODTPMS, TRTI_IDIOMA, TRTI_DESCRI)
VALUES (RS2_TRATPMS_SEQ.NEXTVAL, 47, 'es', 'Protección Civil, Seguridad Ciudadana y Defensa Nacional');
INSERT INTO RS2_TRATPMS(TRTI_CODIGO, TRTI_CODTPMS, TRTI_IDIOMA, TRTI_DESCRI)
VALUES (RS2_TRATPMS_SEQ.NEXTVAL, 47, 'ca', 'Protecció Civil, Seguretat Ciutadana i Defensa Nacional');

INSERT INTO RS2_TIPOMSI(TPMS_CODIGO, TPMS_IDENTI, TPMS_CODSIA)
VALUES (48, 'RELACIONES_ADMINSTRACIONES', 48);
INSERT INTO RS2_TRATPMS(TRTI_CODIGO, TRTI_CODTPMS, TRTI_IDIOMA, TRTI_DESCRI)
VALUES (RS2_TRATPMS_SEQ.NEXTVAL, 48, 'es', 'Relaciones entre Administraciones Públicas');
INSERT INTO RS2_TRATPMS(TRTI_CODIGO, TRTI_CODTPMS, TRTI_IDIOMA, TRTI_DESCRI)
VALUES (RS2_TRATPMS_SEQ.NEXTVAL, 48, 'ca', 'Relacions entre Administracions Públiques');

INSERT INTO RS2_TIPOMSI(TPMS_CODIGO, TPMS_IDENTI, TPMS_CODSIA)
VALUES (49, 'TECNOLOGIA_INVESTIGACION', 49);
INSERT INTO RS2_TRATPMS(TRTI_CODIGO, TRTI_CODTPMS, TRTI_IDIOMA, TRTI_DESCRI)
VALUES (RS2_TRATPMS_SEQ.NEXTVAL, 49, 'es', 'Tecnología, Investigación  e Innovación');
INSERT INTO RS2_TRATPMS(TRTI_CODIGO, TRTI_CODTPMS, TRTI_IDIOMA, TRTI_DESCRI)
VALUES (RS2_TRATPMS_SEQ.NEXTVAL, 49, 'ca', 'Tecnologia, Recerca i Innovació');

INSERT INTO RS2_TIPOMSI(TPMS_CODIGO, TPMS_IDENTI, TPMS_CODSIA)
VALUES (50, 'TELECOMUNICACION_INFORMACION', 50);
INSERT INTO RS2_TRATPMS(TRTI_CODIGO, TRTI_CODTPMS, TRTI_IDIOMA, TRTI_DESCRI)
VALUES (RS2_TRATPMS_SEQ.NEXTVAL, 50, 'es', 'Telecomunicaciones y Sociedad de la Información');
INSERT INTO RS2_TRATPMS(TRTI_CODIGO, TRTI_CODTPMS, TRTI_IDIOMA, TRTI_DESCRI)
VALUES (RS2_TRATPMS_SEQ.NEXTVAL, 50, 'ca', 'Telecomunicacions i Societat de la Informació');

INSERT INTO RS2_TIPOMSI(TPMS_CODIGO, TPMS_IDENTI, TPMS_CODSIA)
VALUES (51, 'TURISMO_OCIO', 51);
INSERT INTO RS2_TRATPMS(TRTI_CODIGO, TRTI_CODTPMS, TRTI_IDIOMA, TRTI_DESCRI)
VALUES (RS2_TRATPMS_SEQ.NEXTVAL, 51, 'es', 'Turismo, ocio y tiempo libre');
INSERT INTO RS2_TRATPMS(TRTI_CODIGO, TRTI_CODTPMS, TRTI_IDIOMA, TRTI_DESCRI)
VALUES (RS2_TRATPMS_SEQ.NEXTVAL, 51, 'ca', 'Turisme, oci i temps lliure');

INSERT INTO RS2_TIPOMSI(TPMS_CODIGO, TPMS_IDENTI, TPMS_CODSIA)
VALUES (52, 'SERVICIOS_SOCIALES', 52);
INSERT INTO RS2_TRATPMS(TRTI_CODIGO, TRTI_CODTPMS, TRTI_IDIOMA, TRTI_DESCRI)
VALUES (RS2_TRATPMS_SEQ.NEXTVAL, 52, 'es', 'Servicios Sociales e Igualdad');
INSERT INTO RS2_TRATPMS(TRTI_CODIGO, TRTI_CODTPMS, TRTI_IDIOMA, TRTI_DESCRI)
VALUES (RS2_TRATPMS_SEQ.NEXTVAL, 52, 'ca', 'Serveis Socials i Igualtat');

INSERT INTO RS2_TIPOMSI(TPMS_CODIGO, TPMS_IDENTI, TPMS_CODSIA)
VALUES (53, 'COMUNICACION', 53);
INSERT INTO RS2_TRATPMS(TRTI_CODIGO, TRTI_CODTPMS, TRTI_IDIOMA, TRTI_DESCRI)
VALUES (RS2_TRATPMS_SEQ.NEXTVAL, 53, 'es', 'Comunicación');
INSERT INTO RS2_TRATPMS(TRTI_CODIGO, TRTI_CODTPMS, TRTI_IDIOMA, TRTI_DESCRI)
VALUES (RS2_TRATPMS_SEQ.NEXTVAL, 53, 'ca', 'Comunicació');

/** Los sexos segun rolsac1 **/
INSERT INTO RS2_TIPOSEX(TPSX_CODIGO, TPSX_IDENTI)
VALUES (1, 'MASCULINO');
INSERT INTO RS2_TRATPSX(TRTS_CODIGO, TRTS_CODTPSX, TRTS_IDIOMA, TRTS_DESCRI)
VALUES (RS2_TRATPSX_SEQ.NEXTVAL, 1, 'es', 'Masculino');
INSERT INTO RS2_TRATPSX(TRTS_CODIGO, TRTS_CODTPSX, TRTS_IDIOMA, TRTS_DESCRI)
VALUES (RS2_TRATPSX_SEQ.NEXTVAL, 1, 'ca', 'Masculí');

INSERT INTO RS2_TIPOSEX(TPSX_CODIGO, TPSX_IDENTI)
VALUES (2, 'FEMENINO');
INSERT INTO RS2_TRATPSX(TRTS_CODIGO, TRTS_CODTPSX, TRTS_IDIOMA, TRTS_DESCRI)
VALUES (RS2_TRATPSX_SEQ.NEXTVAL, 2, 'es', 'Femenino');
INSERT INTO RS2_TRATPSX(TRTS_CODIGO, TRTS_CODTPSX, TRTS_IDIOMA, TRTS_DESCRI)
VALUES (RS2_TRATPSX_SEQ.NEXTVAL, 2, 'ca', 'Femení');

/** Los tipos de normativas. **/

INSERT INTO RS2_TIPONOR(TPNO_CODIGO , TPNO_IDENTI, TPNO_CODSIA, TPNO_IDBOIB) VALUES (1,'LEY', 7,	2);
INSERT INTO RS2_TRATPNO(TRTN_CODIGO,TRTN_CODTPNO,TNTR_DESCR,TRTN_IDIOMA) VALUES (RS2_TRATPNO_SEQ.NEXTVAL, 1,'Ley','es');
INSERT INTO RS2_TRATPNO(TRTN_CODIGO,TRTN_CODTPNO,TNTR_DESCR,TRTN_IDIOMA) VALUES (RS2_TRATPNO_SEQ.NEXTVAL, 1,'Llei','ca');

INSERT INTO RS2_TIPONOR(TPNO_CODIGO , TPNO_IDENTI, TPNO_CODSIA, TPNO_IDBOIB) VALUES (2,'DECRETO', 19, 5225);
INSERT INTO RS2_TRATPNO(TRTN_CODIGO,TRTN_CODTPNO,TNTR_DESCR,TRTN_IDIOMA) VALUES (RS2_TRATPNO_SEQ.NEXTVAL, 2,'Decreto','es');
INSERT INTO RS2_TRATPNO(TRTN_CODIGO,TRTN_CODTPNO,TNTR_DESCR,TRTN_IDIOMA) VALUES (RS2_TRATPNO_SEQ.NEXTVAL, 2,'Decret','ca');

INSERT INTO RS2_TIPONOR(TPNO_CODIGO , TPNO_IDENTI, TPNO_CODSIA, TPNO_IDBOIB) VALUES (3,'REAL_DECRETO', 10, null);
INSERT INTO RS2_TRATPNO(TRTN_CODIGO,TRTN_CODTPNO,TNTR_DESCR,TRTN_IDIOMA) VALUES (RS2_TRATPNO_SEQ.NEXTVAL, 3,'Real Decreto','es');
INSERT INTO RS2_TRATPNO(TRTN_CODIGO,TRTN_CODTPNO,TNTR_DESCR,TRTN_IDIOMA) VALUES (RS2_TRATPNO_SEQ.NEXTVAL, 3,'Reial Decret','ca');

INSERT INTO RS2_TIPONOR(TPNO_CODIGO , TPNO_IDENTI, TPNO_CODSIA, TPNO_IDBOIB) VALUES (4,'ORDEN',	11,	5227);
INSERT INTO RS2_TRATPNO(TRTN_CODIGO,TRTN_CODTPNO,TNTR_DESCR,TRTN_IDIOMA) VALUES (RS2_TRATPNO_SEQ.NEXTVAL, 4,'Orden','es');
INSERT INTO RS2_TRATPNO(TRTN_CODIGO,TRTN_CODTPNO,TNTR_DESCR,TRTN_IDIOMA) VALUES (RS2_TRATPNO_SEQ.NEXTVAL, 4,'Ordre','ca');

INSERT INTO RS2_TIPONOR(TPNO_CODIGO , TPNO_IDENTI, TPNO_CODSIA, TPNO_IDBOIB) VALUES (5,'REAL_DECRETO_LEY', 9, null);
INSERT INTO RS2_TRATPNO(TRTN_CODIGO,TRTN_CODTPNO,TNTR_DESCR,TRTN_IDIOMA) VALUES (RS2_TRATPNO_SEQ.NEXTVAL, 5,'Reial Decret Llei','ca');
INSERT INTO RS2_TRATPNO(TRTN_CODIGO,TRTN_CODTPNO,TNTR_DESCR,TRTN_IDIOMA) VALUES (RS2_TRATPNO_SEQ.NEXTVAL, 5,'Real Decreto Ley','es');

INSERT INTO RS2_TIPONOR(TPNO_CODIGO , TPNO_IDENTI, TPNO_CODSIA, TPNO_IDBOIB) VALUES (6,'REAL_DECRETO_LEG',	8,null);
INSERT INTO RS2_TRATPNO(TRTN_CODIGO,TRTN_CODTPNO,TNTR_DESCR,TRTN_IDIOMA) VALUES (RS2_TRATPNO_SEQ.NEXTVAL, 6,'Real Decreto Legislativo','ca');
INSERT INTO RS2_TRATPNO(TRTN_CODIGO,TRTN_CODTPNO,TNTR_DESCR,TRTN_IDIOMA) VALUES (RS2_TRATPNO_SEQ.NEXTVAL, 6,'Reial Decret Legislatiu','es');

INSERT INTO RS2_TIPONOR(TPNO_CODIGO , TPNO_IDENTI, TPNO_CODSIA, TPNO_IDBOIB) VALUES (7,'DECRETO_LEY', 9,29);
INSERT INTO RS2_TRATPNO(TRTN_CODIGO,TRTN_CODTPNO,TNTR_DESCR,TRTN_IDIOMA) VALUES (RS2_TRATPNO_SEQ.NEXTVAL, 7,'Decreto Ley','es');
INSERT INTO RS2_TRATPNO(TRTN_CODIGO,TRTN_CODTPNO,TNTR_DESCR,TRTN_IDIOMA) VALUES (RS2_TRATPNO_SEQ.NEXTVAL, 7,'Decret Llei','ca');

INSERT INTO RS2_TIPONOR(TPNO_CODIGO , TPNO_IDENTI, TPNO_CODSIA, TPNO_IDBOIB) VALUES (8,'DECRETO_LEG',	22,	31);
INSERT INTO RS2_TRATPNO(TRTN_CODIGO,TRTN_CODTPNO,TNTR_DESCR,TRTN_IDIOMA) VALUES (RS2_TRATPNO_SEQ.NEXTVAL, 8,'Decret Legislatiu','ca');
INSERT INTO RS2_TRATPNO(TRTN_CODIGO,TRTN_CODTPNO,TNTR_DESCR,TRTN_IDIOMA) VALUES (RS2_TRATPNO_SEQ.NEXTVAL, 8,'Decreto Legislativo','es');

INSERT INTO RS2_TIPONOR(TPNO_CODIGO , TPNO_IDENTI, TPNO_CODSIA, TPNO_IDBOIB) VALUES (12,'ORDEN_MINISTERIAL', 11,null);
INSERT INTO RS2_TRATPNO(TRTN_CODIGO,TRTN_CODTPNO,TNTR_DESCR,TRTN_IDIOMA) VALUES (RS2_TRATPNO_SEQ.NEXTVAL, 12,'Ordre Ministerial','ca');
INSERT INTO RS2_TRATPNO(TRTN_CODIGO,TRTN_CODTPNO,TNTR_DESCR,TRTN_IDIOMA) VALUES (RS2_TRATPNO_SEQ.NEXTVAL, 12,'Ordre Ministerial','es');

INSERT INTO RS2_TIPONOR(TPNO_CODIGO , TPNO_IDENTI, TPNO_CODSIA, TPNO_IDBOIB) VALUES (20,'DECRETO_PRESIDENTE',19,184);
INSERT INTO RS2_TRATPNO(TRTN_CODIGO,TRTN_CODTPNO,TNTR_DESCR,TRTN_IDIOMA) VALUES (RS2_TRATPNO_SEQ.NEXTVAL, 20,'Decret del president','ca');
INSERT INTO RS2_TRATPNO(TRTN_CODIGO,TRTN_CODTPNO,TNTR_DESCR,TRTN_IDIOMA) VALUES (RS2_TRATPNO_SEQ.NEXTVAL, 20,'Decreto del presidente','es');

INSERT INTO RS2_TIPONOR(TPNO_CODIGO , TPNO_IDENTI, TPNO_CODSIA, TPNO_IDBOIB) VALUES (1707912,'REGLAMENTO',	18, null);
INSERT INTO RS2_TRATPNO(TRTN_CODIGO,TRTN_CODTPNO,TNTR_DESCR,TRTN_IDIOMA) VALUES (RS2_TRATPNO_SEQ.NEXTVAL, 1707912,'Reglamento','es');
INSERT INTO RS2_TRATPNO(TRTN_CODIGO,TRTN_CODTPNO,TNTR_DESCR,TRTN_IDIOMA) VALUES (RS2_TRATPNO_SEQ.NEXTVAL, 1707912,'Reglament','ca');

INSERT INTO RS2_TIPONOR(TPNO_CODIGO , TPNO_IDENTI, TPNO_CODSIA, TPNO_IDBOIB) VALUES (30,'DIRECTIVA_EUROPEA', null, null);
INSERT INTO RS2_TRATPNO(TRTN_CODIGO,TRTN_CODTPNO,TNTR_DESCR,TRTN_IDIOMA) VALUES (RS2_TRATPNO_SEQ.NEXTVAL, 30,'Directiva Europea','es');
INSERT INTO RS2_TRATPNO(TRTN_CODIGO,TRTN_CODTPNO,TNTR_DESCR,TRTN_IDIOMA) VALUES (RS2_TRATPNO_SEQ.NEXTVAL, 30,'Directiva Europea','ca');

INSERT INTO RS2_TIPONOR(TPNO_CODIGO , TPNO_IDENTI, TPNO_CODSIA, TPNO_IDBOIB) VALUES (31,'LEY_ORGANICA', null, null);
INSERT INTO RS2_TRATPNO(TRTN_CODIGO,TRTN_CODTPNO,TNTR_DESCR,TRTN_IDIOMA) VALUES (RS2_TRATPNO_SEQ.NEXTVAL, 31,'Llei Orgànica','ca');
INSERT INTO RS2_TRATPNO(TRTN_CODIGO,TRTN_CODTPNO,TNTR_DESCR,TRTN_IDIOMA) VALUES (RS2_TRATPNO_SEQ.NEXTVAL, 31,'Ley Orgánica','es');

INSERT INTO RS2_TIPONOR(TPNO_CODIGO , TPNO_IDENTI, TPNO_CODSIA, TPNO_IDBOIB) VALUES (32,'REGLAMENTO_EUROPEO', null, null);
INSERT INTO RS2_TRATPNO(TRTN_CODIGO,TRTN_CODTPNO,TNTR_DESCR,TRTN_IDIOMA) VALUES (RS2_TRATPNO_SEQ.NEXTVAL, 32,'Reglament Europeu','ca');
INSERT INTO RS2_TRATPNO(TRTN_CODIGO,TRTN_CODTPNO,TNTR_DESCR,TRTN_IDIOMA) VALUES (RS2_TRATPNO_SEQ.NEXTVAL, 32,'Reglamento Europeo','es');

INSERT INTO RS2_TIPONOR(TPNO_CODIGO , TPNO_IDENTI, TPNO_CODSIA, TPNO_IDBOIB) VALUES (66,'DESCONOCIDO', null, null);
INSERT INTO RS2_TRATPNO(TRTN_CODIGO,TRTN_CODTPNO,TNTR_DESCR,TRTN_IDIOMA) VALUES (RS2_TRATPNO_SEQ.NEXTVAL, 66,'Desconegut','ca');
INSERT INTO RS2_TRATPNO(TRTN_CODIGO,TRTN_CODTPNO,TNTR_DESCR,TRTN_IDIOMA) VALUES (RS2_TRATPNO_SEQ.NEXTVAL, 66,'Desconocido','es');


/** TIPO BOLETIN **/
INSERT INTO RS2_BOLETI (BOLE_CODIGO, BOLE_IDENTI, BOLE_NOMBRE, BOLE_URL ) VALUES (1, 'BOIB', 'BOIB', 'http://boib.caib.es/pdf/2009015/mp2.pdf' );
INSERT INTO RS2_BOLETI (BOLE_CODIGO, BOLE_IDENTI, BOLE_NOMBRE, BOLE_URL ) VALUES (21, 'BOE', 'BOE', null );
INSERT INTO RS2_BOLETI (BOLE_CODIGO, BOLE_IDENTI, BOLE_NOMBRE, BOLE_URL ) VALUES (22, 'DOUE', 'DOUE', null);

/** TIPO PROCEDIMIENTO  */
INSERT INTO RS2_TIPOPRO(TPPR_CODIGO, TPPR_CODENTI, TPPR_IDENTI) VALUES (1,1,'ORDENACION_ADMINISTRATIVA');
INSERT INTO RS2_TRATPPR (TRTP_CODIGO, TRTP_CODTPPR,TRTP_IDIOMA,TRTP_DESCR) VALUES (RS2_TRATPPR_SEQ.NEXTVAL,1,'es','Ordenación administrativa');
INSERT INTO RS2_TRATPPR (TRTP_CODIGO, TRTP_CODTPPR,TRTP_IDIOMA,TRTP_DESCR) VALUES (RS2_TRATPPR_SEQ.NEXTVAL,1,'ca','Ordenació administrativa');

INSERT INTO RS2_TIPOPRO(TPPR_CODIGO, TPPR_CODENTI, TPPR_IDENTI) VALUES (2,1,'SUBVENCIONES_AYUDA');
INSERT INTO RS2_TRATPPR (TRTP_CODIGO, TRTP_CODTPPR,TRTP_IDIOMA,TRTP_DESCR) VALUES (RS2_TRATPPR_SEQ.NEXTVAL,2,'es','Subvenciones, ayudas, becas y premios');
INSERT INTO RS2_TRATPPR (TRTP_CODIGO, TRTP_CODTPPR,TRTP_IDIOMA,TRTP_DESCR) VALUES (RS2_TRATPPR_SEQ.NEXTVAL,2,'ca','Subvencions, ajuts, beques i premis');

INSERT INTO RS2_TIPOPRO(TPPR_CODIGO, TPPR_CODENTI, TPPR_IDENTI) VALUES (3,1,'RECURSOS_RECLAMACIONES');
INSERT INTO RS2_TRATPPR (TRTP_CODIGO, TRTP_CODTPPR,TRTP_IDIOMA,TRTP_DESCR) VALUES (RS2_TRATPPR_SEQ.NEXTVAL,3,'es','Reclamaciones, Denuncias y Quejas');
INSERT INTO RS2_TRATPPR (TRTP_CODIGO, TRTP_CODTPPR,TRTP_IDIOMA,TRTP_DESCR) VALUES (RS2_TRATPPR_SEQ.NEXTVAL,3,'ca','Reclamacions, Denúncies i Queixes');

INSERT INTO RS2_TIPOPRO(TPPR_CODIGO, TPPR_CODENTI, TPPR_IDENTI) VALUES (4,1,'COMUNICACIONES');
INSERT INTO RS2_TRATPPR (TRTP_CODIGO, TRTP_CODTPPR,TRTP_IDIOMA,TRTP_DESCR) VALUES (RS2_TRATPPR_SEQ.NEXTVAL,4,'es','Comunicaciones, informes y declaraciones responsables');
INSERT INTO RS2_TRATPPR (TRTP_CODIGO, TRTP_CODTPPR,TRTP_IDIOMA,TRTP_DESCR) VALUES (RS2_TRATPPR_SEQ.NEXTVAL,4,'ca','Comunicacions, informes i declaracions responsables');

INSERT INTO RS2_TIPOPRO(TPPR_CODIGO, TPPR_CODENTI, TPPR_IDENTI) VALUES (6,1,'AUTORIZACIONES');
INSERT INTO RS2_TRATPPR (TRTP_CODIGO, TRTP_CODTPPR,TRTP_IDIOMA,TRTP_DESCR) VALUES (RS2_TRATPPR_SEQ.NEXTVAL,6,'es','Autorizaciones, licencias y concesiones');
INSERT INTO RS2_TRATPPR (TRTP_CODIGO, TRTP_CODTPPR,TRTP_IDIOMA,TRTP_DESCR) VALUES (RS2_TRATPPR_SEQ.NEXTVAL,6,'ca','Autoritzacions, llicències i concessions');

INSERT INTO RS2_TIPOPRO(TPPR_CODIGO, TPPR_CODENTI, TPPR_IDENTI) VALUES (8,1,'SANCIONADORES' );
INSERT INTO RS2_TRATPPR (TRTP_CODIGO, TRTP_CODTPPR,TRTP_IDIOMA,TRTP_DESCR) VALUES (RS2_TRATPPR_SEQ.NEXTVAL,8,'es','Infracciones y sanciones');
INSERT INTO RS2_TRATPPR (TRTP_CODIGO, TRTP_CODTPPR,TRTP_IDIOMA,TRTP_DESCR) VALUES (RS2_TRATPPR_SEQ.NEXTVAL,8,'ca','Infraccions i sancions');

INSERT INTO RS2_TIPOPRO(TPPR_CODIGO, TPPR_CODENTI, TPPR_IDENTI) VALUES (11,1,'OTROS');
INSERT INTO RS2_TRATPPR (TRTP_CODIGO, TRTP_CODTPPR,TRTP_IDIOMA,TRTP_DESCR) VALUES (RS2_TRATPPR_SEQ.NEXTVAL,11,'es','Registro y publicaciones');
INSERT INTO RS2_TRATPPR (TRTP_CODIGO, TRTP_CODTPPR,TRTP_IDIOMA,TRTP_DESCR) VALUES (RS2_TRATPPR_SEQ.NEXTVAL,11,'ca','Registre i publicacions');

INSERT INTO RS2_TIPOPRO(TPPR_CODIGO, TPPR_CODENTI, TPPR_IDENTI) VALUES (477842,1,'PROCESOS_SELECTIVOS');
INSERT INTO RS2_TRATPPR (TRTP_CODIGO, TRTP_CODTPPR,TRTP_IDIOMA,TRTP_DESCR) VALUES (RS2_TRATPPR_SEQ.NEXTVAL,477842,'es','Procesos selectivos y de capacitación');
INSERT INTO RS2_TRATPPR (TRTP_CODIGO, TRTP_CODTPPR,TRTP_IDIOMA,TRTP_DESCR) VALUES (RS2_TRATPPR_SEQ.NEXTVAL,477842,'ca','Processos selectius i de capacitació');

INSERT INTO RS2_TIPOPRO(TPPR_CODIGO, TPPR_CODENTI, TPPR_IDENTI) VALUES (2628634,1,'REGISTROS_Y_PUBLICACIONES');
INSERT INTO RS2_TRATPPR (TRTP_CODIGO, TRTP_CODTPPR,TRTP_IDIOMA,TRTP_DESCR) VALUES (RS2_TRATPPR_SEQ.NEXTVAL,2628634,'es','Registro y publicaciones');
INSERT INTO RS2_TRATPPR (TRTP_CODIGO, TRTP_CODTPPR,TRTP_IDIOMA,TRTP_DESCR) VALUES (RS2_TRATPPR_SEQ.NEXTVAL,2628634,'ca','Registre i publicacions');

INSERT INTO RS2_TIPOPRO(TPPR_CODIGO, TPPR_CODENTI, TPPR_IDENTI) VALUES (2628636,1,'ACREDITACIONES');
INSERT INTO RS2_TRATPPR (TRTP_CODIGO, TRTP_CODTPPR,TRTP_IDIOMA,TRTP_DESCR) VALUES (RS2_TRATPPR_SEQ.NEXTVAL,2628636,'es','Acreditaciones, Homologaciones y Titulaciones');
INSERT INTO RS2_TRATPPR (TRTP_CODIGO, TRTP_CODTPPR,TRTP_IDIOMA,TRTP_DESCR) VALUES (RS2_TRATPPR_SEQ.NEXTVAL,2628636,'ca','Acreditacions, Homologacions i Titulacions');

/** Tipos de forma de inicio **/
INSERT INTO RS2_TIPOFOI (TPFI_CODIGO, TPFI_IDENTI) VALUES (439059,'INSTANCIA_DE_PARTE');
INSERT INTO RS2_TRATPFI (TRTF_CODIGO,TRTF_CODTPFI,TRTF_IDIOMA,TRTF_DESCRI ) VALUES (RS2_TRATPFI_SEQ.NEXTVAL,439059,'es','Instancia de parte');
INSERT INTO RS2_TRATPFI (TRTF_CODIGO,TRTF_CODTPFI,TRTF_IDIOMA,TRTF_DESCRI ) VALUES (RS2_TRATPFI_SEQ.NEXTVAL,439059,'ca','Instància de part');

INSERT INTO RS2_TIPOFOI (TPFI_CODIGO, TPFI_IDENTI) VALUES (439060,'DE_OFICIO');
INSERT INTO RS2_TRATPFI (TRTF_CODIGO,TRTF_CODTPFI,TRTF_IDIOMA,TRTF_DESCRI ) VALUES (RS2_TRATPFI_SEQ.NEXTVAL,439060,'es','De oficio');
INSERT INTO RS2_TRATPFI (TRTF_CODIGO,TRTF_CODTPFI,TRTF_IDIOMA,TRTF_DESCRI ) VALUES (RS2_TRATPFI_SEQ.NEXTVAL,439060,'ca','D''ofici');

INSERT INTO RS2_TIPOFOI (TPFI_CODIGO, TPFI_IDENTI) VALUES (467084, 'INSTANCIA_PARTE_OFICIO');
INSERT INTO RS2_TRATPFI (TRTF_CODIGO,TRTF_CODTPFI,TRTF_IDIOMA,TRTF_DESCRI ) VALUES (RS2_TRATPFI_SEQ.NEXTVAL,467084,'es','Instancia de parte o de oficio');
INSERT INTO RS2_TRATPFI (TRTF_CODIGO,TRTF_CODTPFI,TRTF_IDIOMA,TRTF_DESCRI ) VALUES (RS2_TRATPFI_SEQ.NEXTVAL,467084,'ca','Instància de part o d''ofici');

/** Silencio administrativo . **/
INSERT INTO RS2_TIPOSAD (TPSA_CODIGO, TPSA_IDENTI) VALUES (2725143, 'SEGUN_NORMATIVA' );
INSERT INTO RS2_TRATPSA (TRTS_CODIGO,TRTS_CODTPSA,TRTS_IDIOMA,TRTS_DESCRI) VALUES(RS2_TRATPSA_SEQ.NEXTVAL,2725143,'es','Según normativa aplicable');
INSERT INTO RS2_TRATPSA (TRTS_CODIGO,TRTS_CODTPSA,TRTS_IDIOMA,TRTS_DESCRI) VALUES(RS2_TRATPSA_SEQ.NEXTVAL,2725143,'ca','Segon normativa aplicable');

INSERT INTO RS2_TIPOSAD (TPSA_CODIGO, TPSA_IDENTI) VALUES (2725139, 'POSITIVO');
INSERT INTO RS2_TRATPSA (TRTS_CODIGO,TRTS_CODTPSA,TRTS_IDIOMA,TRTS_DESCRI) VALUES(RS2_TRATPSA_SEQ.NEXTVAL,2725139,'es','Positivo');
INSERT INTO RS2_TRATPSA (TRTS_CODIGO,TRTS_CODTPSA,TRTS_IDIOMA,TRTS_DESCRI) VALUES(RS2_TRATPSA_SEQ.NEXTVAL,2725139,'ca','Positiu');

INSERT INTO RS2_TIPOSAD (TPSA_CODIGO, TPSA_IDENTI) VALUES (2725140, 'NEGATIVO');
INSERT INTO RS2_TRATPSA (TRTS_CODIGO,TRTS_CODTPSA,TRTS_IDIOMA,TRTS_DESCRI) VALUES(RS2_TRATPSA_SEQ.NEXTVAL,2725140,'es','Negativo');
INSERT INTO RS2_TRATPSA (TRTS_CODIGO,TRTS_CODTPSA,TRTS_IDIOMA,TRTS_DESCRI) VALUES(RS2_TRATPSA_SEQ.NEXTVAL,2725140,'ca','Negatiu');

INSERT INTO RS2_TIPOSAD (TPSA_CODIGO, TPSA_IDENTI) VALUES (2725142, 'NO_APLICABLE');
INSERT INTO RS2_TRATPSA (TRTS_CODIGO,TRTS_CODTPSA,TRTS_IDIOMA,TRTS_DESCRI) VALUES(RS2_TRATPSA_SEQ.NEXTVAL,2725142,'es','No es de aplicación ');
INSERT INTO RS2_TRATPSA (TRTS_CODIGO,TRTS_CODTPSA,TRTS_IDIOMA,TRTS_DESCRI) VALUES(RS2_TRATPSA_SEQ.NEXTVAL,2725142,'ca','No és d''aplicació ');

INSERT INTO RS2_TIPOSAD (TPSA_CODIGO, TPSA_IDENTI) VALUES (2725141, 'CADUCIDAD');
INSERT INTO RS2_TRATPSA (TRTS_CODIGO,TRTS_CODTPSA,TRTS_IDIOMA,TRTS_DESCRI) VALUES(RS2_TRATPSA_SEQ.NEXTVAL,2725141,'es','Caducidad');
INSERT INTO RS2_TRATPSA (TRTS_CODIGO,TRTS_CODTPSA,TRTS_IDIOMA,TRTS_DESCRI) VALUES(RS2_TRATPSA_SEQ.NEXTVAL,2725141,'ca','Caducitat');

/** Tipo Legitimación **/
INSERT INTO RS2_TIPOLEG (TPLE_CODIGO, TPLE_IDENTI, TPLE_DEFECT) VALUES (3914514 , 'COMPLI_OBLIGACION_LEGAL', '1');
INSERT INTO RS2_TRATPLE (TRTL_CODIGO, TRTL_CODTPLE, TRTL_IDIOMA, TRTL_DESCRI) values (RS2_TRATPLE_SEQ.NEXTVAL, 3914514, 'ca', 'Compliment d''una obligació legal' );
INSERT INTO RS2_TRATPLE (TRTL_CODIGO, TRTL_CODTPLE, TRTL_IDIOMA, TRTL_DESCRI) values (RS2_TRATPLE_SEQ.NEXTVAL, 3914514, 'es', 'Cumplimiento de una obligación legal');

INSERT INTO RS2_TIPOLEG (TPLE_CODIGO, TPLE_IDENTI, TPLE_DEFECT) VALUES (3914515, 'CONSENT_INTERESADO', '0');
INSERT INTO RS2_TRATPLE (TRTL_CODIGO, TRTL_CODTPLE, TRTL_IDIOMA, TRTL_DESCRI) values (RS2_TRATPLE_SEQ.NEXTVAL, 3914515, 'ca', 'Consentiment de l''interessat' );
INSERT INTO RS2_TRATPLE (TRTL_CODIGO, TRTL_CODTPLE, TRTL_IDIOMA, TRTL_DESCRI) values (RS2_TRATPLE_SEQ.NEXTVAL, 3914515, 'es', 'Consentimiento del interesado');

INSERT INTO RS2_TIPOLEG (TPLE_CODIGO, TPLE_IDENTI, TPLE_DEFECT) VALUES (3906934, 'CUMPLIMIENTO_MISION', '0');
INSERT INTO RS2_TRATPLE (TRTL_CODIGO, TRTL_CODTPLE, TRTL_IDIOMA, TRTL_DESCRI) values (RS2_TRATPLE_SEQ.NEXTVAL, 3906934, 'ca', 'Compliment d''una missió realitzada en interès públic o en l''exercici de poders públics');
INSERT INTO RS2_TRATPLE (TRTL_CODIGO, TRTL_CODTPLE, TRTL_IDIOMA, TRTL_DESCRI) values (RS2_TRATPLE_SEQ.NEXTVAL, 3906934, 'es', 'Cumplimiento de una misión realizada en interés público o en el ejercicio de poderes públicos');

INSERT INTO RS2_TIPOLEG (TPLE_CODIGO, TPLE_IDENTI, TPLE_DEFECT) VALUES (3906935, 'PROTEGER_INT_VITAL', '0');
INSERT INTO RS2_TRATPLE (TRTL_CODIGO, TRTL_CODTPLE, TRTL_IDIOMA, TRTL_DESCRI) values (RS2_TRATPLE_SEQ.NEXTVAL, 3906935, 'ca', 'Protegir interessos vitals de l''interessat o d''altra persona física');
INSERT INTO RS2_TRATPLE (TRTL_CODIGO, TRTL_CODTPLE, TRTL_IDIOMA, TRTL_DESCRI) values (RS2_TRATPLE_SEQ.NEXTVAL, 3906935, 'es', 'Proteger intereses vitales del interesado o de otra persona física');

INSERT INTO RS2_TIPOLEG (TPLE_CODIGO, TPLE_IDENTI, TPLE_DEFECT) VALUES (3906940, 'EJECUCION_CONTRATO', '0');
INSERT INTO RS2_TRATPLE (TRTL_CODIGO, TRTL_CODTPLE, TRTL_IDIOMA, TRTL_DESCRI) values (RS2_TRATPLE_SEQ.NEXTVAL, 3906940, 'ca', 'Execució d''un contracte');
INSERT INTO RS2_TRATPLE (TRTL_CODIGO, TRTL_CODTPLE, TRTL_IDIOMA, TRTL_DESCRI) values (RS2_TRATPLE_SEQ.NEXTVAL, 3906940, 'es', 'Ejecución de un contrato');

/** Plataforma de tramitación electrónica **/
INSERT INTO RS2_PLATRE (PTTR_CODIGO, PTTR_CODENTI, PTTR_IDENTI) VALUES ('1', 1, 'SISTRA1');
INSERT INTO RS2_TRAPLATRE (TRPT_CODIGO, TRPT_CODPTTR, TRPT_IDIOMA, TRPT_URL, TRPT_DESCR) VALUES (RS2_TRAPTTR_SEQ.NEXTVAL, '1', 'ca',
                                                                                                 'https://www.caib.es/sistrafront/sistrafront/inicio?language=ca\&modelo=${idTramitePlataforma}\&version=${versionTramitePlatorma}\&parametros=${parametros}',
                                                                                                 'Plataforma de tramitación SISTRA1');
INSERT INTO RS2_TRAPLATRE (TRPT_CODIGO, TRPT_CODPTTR, TRPT_IDIOMA, TRPT_URL, TRPT_DESCR) VALUES (RS2_TRAPTTR_SEQ.NEXTVAL, '1', 'es',
                                                                                                 'https://www.caib.es/sistrafront/sistrafront/inicio?language=es\&modelo=${idTramitePlataforma}\&version=${versionTramitePlatorma}\&parametros=${parametros}',
                                                                                                 'Plataforma de tramitació SISTRA1');

INSERT INTO RS2_PLATRE (PTTR_CODIGO, PTTR_CODENTI, PTTR_IDENTI) VALUES ('3976064', 1, 'SISTRA2');
INSERT INTO RS2_TRAPLATRE (TRPT_CODIGO, TRPT_CODPTTR, TRPT_IDIOMA, TRPT_URL, TRPT_DESCR) VALUES (RS2_TRAPTTR_SEQ.NEXTVAL, '3976064', 'ca',
'https://www.caib.es/sistramitfront/asistente/iniciarTramite.html?tramite=${idTramitePlataforma}\&version=${versionTramitePlatorma}\&idioma=ca\&servicioCatalogo=${servicio}\&idTramiteCatalogo=${idTramiteRolsac}\&parametros=${parametros}',
'Plataforma de tramitación SISTRA2');
INSERT INTO RS2_TRAPLATRE (TRPT_CODIGO, TRPT_CODPTTR, TRPT_IDIOMA, TRPT_URL, TRPT_DESCR) VALUES (RS2_TRAPTTR_SEQ.NEXTVAL, '3976064', 'es',
'https://www.caib.es/sistramitfront/asistente/iniciarTramite.html?tramite=${idTramitePlataforma}\&version=${versionTramitePlatorma}\&idioma=es\&servicioCatalogo=${servicio}\&idTramiteCatalogo=${idTramiteRolsac}\&parametros=${parametros}',
'Plataforma de tramitació SISTRA2');

/** Plantillas de trámites **/
INSERT INTO RS2_TRMPRE (PRES_CODIGO,PRES_TRPRES,PRES_TRELEC,PRES_INTPTR,PRES_INTTID,PRES_INTTVE,PRES_INTTPA,PRES_PLANTI,PRES_CODENTI,PRES_TRTEL,PRES_FASEPROC) VALUES (5233805,0,0,3976064,'CAIB.SIMPL_DOC.TRAMIT_PLANTILLA',1,'',1,1,0,1);
INSERT INTO RS2_TRMPRE (PRES_CODIGO,PRES_TRPRES,PRES_TRELEC,PRES_INTPTR,PRES_INTTID,PRES_INTTVE,PRES_INTTPA,PRES_PLANTI,PRES_CODENTI,PRES_TRTEL,PRES_FASEPROC) VALUES (5233823,0,0,3976064,'CAIB.OAE.INS_ALE_PART',1,'',1,1,0,2);
INSERT INTO RS2_TRMPRE (PRES_CODIGO,PRES_TRPRES,PRES_TRELEC,PRES_INTPTR,PRES_INTTID,PRES_INTTVE,PRES_INTTPA,PRES_PLANTI,PRES_CODENTI,PRES_TRTEL,PRES_FASEPROC) VALUES (5233828,0,0,3976064,'CAIB.OAE.INS_ALE_INF_PUB',1,'',1,1,0,2);
INSERT INTO RS2_TRMPRE (PRES_CODIGO,PRES_TRPRES,PRES_TRELEC,PRES_INTPTR,PRES_INTTID,PRES_INTTVE,PRES_INTTPA,PRES_PLANTI,PRES_CODENTI,PRES_TRTEL,PRES_FASEPROC) VALUES (5233831,0,0,3976064,'CAIB.OAE.INS_FIN_RESP',1,'',1,1,0,3);
INSERT INTO RS2_TRMPRE (PRES_CODIGO,PRES_TRPRES,PRES_TRELEC,PRES_INTPTR,PRES_INTTID,PRES_INTTVE,PRES_INTTPA,PRES_PLANTI,PRES_CODENTI,PRES_TRTEL,PRES_FASEPROC) VALUES (5233836,0,0,3976064,'CAIB.OAE.INS_FIN_DES',1,'',1,1,0,3);
INSERT INTO RS2_TRMPRE (PRES_CODIGO,PRES_TRPRES,PRES_TRELEC,PRES_INTPTR,PRES_INTTID,PRES_INTTVE,PRES_INTTPA,PRES_PLANTI,PRES_CODENTI,PRES_TRTEL,PRES_FASEPROC) VALUES (5416715,0,0,3976064,'CAIB.COMUNS.C_INS_DEC_RESP',1,'',1,1,0,1);
INSERT INTO RS2_TRMPRE (PRES_CODIGO,PRES_TRPRES,PRES_TRELEC,PRES_INTPTR,PRES_INTTID,PRES_INTTVE,PRES_INTTPA,PRES_PLANTI,PRES_CODENTI,PRES_TRTEL,PRES_FASEPROC) VALUES (5233812,0,0,3976064,'CAIB.OAE.INS_ESM_SOL',1,'',1,1,0,2);
INSERT INTO RS2_TRMPRE (PRES_CODIGO,PRES_TRPRES,PRES_TRELEC,PRES_INTPTR,PRES_INTTID,PRES_INTTVE,PRES_INTTPA,PRES_PLANTI,PRES_CODENTI,PRES_TRTEL,PRES_FASEPROC) VALUES (5233821,0,0,3976064,'CAIB.OAE.INS_DOC',1,'',1,1,0,2);
INSERT INTO RS2_TRMPRE (PRES_CODIGO,PRES_TRPRES,PRES_TRELEC,PRES_INTPTR,PRES_INTTID,PRES_INTTVE,PRES_INTTPA,PRES_PLANTI,PRES_CODENTI,PRES_TRTEL,PRES_FASEPROC) VALUES (5233806,0,0,3976064,'CAIB.OAE.INS_ALE_OFICI',1,'',1,1,0,1);
INSERT INTO RS2_TRMPRE (PRES_CODIGO,PRES_TRPRES,PRES_TRELEC,PRES_INTPTR,PRES_INTTID,PRES_INTTVE,PRES_INTTPA,PRES_PLANTI,PRES_CODENTI,PRES_TRTEL,PRES_FASEPROC) VALUES (5233815,0,0,3976064,'CAIB.OAE.INS_MIL_SOL',1,'',1,1,0,2);
INSERT INTO RS2_TRMPRE (PRES_CODIGO,PRES_TRPRES,PRES_TRELEC,PRES_INTPTR,PRES_INTTID,PRES_INTTVE,PRES_INTTPA,PRES_PLANTI,PRES_CODENTI,PRES_TRTEL,PRES_FASEPROC) VALUES (5233824,0,0,3976064,'CAIB.OAE.INS_ALE_AUD',1,'',1,1,0,2);
INSERT INTO RS2_TRMPRE (PRES_CODIGO,PRES_TRPRES,PRES_TRELEC,PRES_INTPTR,PRES_INTTID,PRES_INTTVE,PRES_INTTPA,PRES_PLANTI,PRES_CODENTI,PRES_TRTEL,PRES_FASEPROC) VALUES (5233830,0,0,3976064,'CAIB.OAE.INS_ACC',1,'',1,1,0,2);
INSERT INTO RS2_TRMPRE (PRES_CODIGO,PRES_TRPRES,PRES_TRELEC,PRES_INTPTR,PRES_INTTID,PRES_INTTVE,PRES_INTTPA,PRES_PLANTI,PRES_CODENTI,PRES_TRTEL,PRES_FASEPROC) VALUES (5416701,0,0,3976064,'CAIB.COMUNS.C_INS_COM_DADES',1,'',1,1,0,1);

INSERT INTO RS2_TRATPTRA (TRTT_CODIGO,TRTT_CODTPTRA,TRTT_IDIOMA,TRTT_DESCRI,TRTT_URL) VALUES (RS2_TRATPTRA_SEQ.NEXTVAL,5416701,'ca','d) Presentació comunicació inici activitat o exercici de dret (art.69 Llei 39/2015)',null);
INSERT INTO RS2_TRATPTRA (TRTT_CODIGO,TRTT_CODTPTRA,TRTT_IDIOMA,TRTT_DESCRI,TRTT_URL) VALUES (RS2_TRATPTRA_SEQ.NEXTVAL,5416701,'es','d) Presentación comunicación inicio actividad o ejercicio de derecho (art.69 Ley 39/2015)',null);
INSERT INTO RS2_TRATPTRA (TRTT_CODIGO,TRTT_CODTPTRA,TRTT_IDIOMA,TRTT_DESCRI,TRTT_URL) VALUES (RS2_TRATPTRA_SEQ.NEXTVAL,5233823,'ca','Al·legacions (general, a instància de part)',null);
INSERT INTO RS2_TRATPTRA (TRTT_CODIGO,TRTT_CODTPTRA,TRTT_IDIOMA,TRTT_DESCRI,TRTT_URL) VALUES (RS2_TRATPTRA_SEQ.NEXTVAL,5233823,'es','Alegaciones (general, a instancia de parte)',null);
INSERT INTO RS2_TRATPTRA (TRTT_CODIGO,TRTT_CODTPTRA,TRTT_IDIOMA,TRTT_DESCRI,TRTT_URL) VALUES (RS2_TRATPTRA_SEQ.NEXTVAL,5233828,'ca','Al·legacions en tràmit d''informació pública',null);
INSERT INTO RS2_TRATPTRA (TRTT_CODIGO,TRTT_CODTPTRA,TRTT_IDIOMA,TRTT_DESCRI,TRTT_URL) VALUES (RS2_TRATPTRA_SEQ.NEXTVAL,5233828,'es','Alegaciones en trámite de información pública',null);
INSERT INTO RS2_TRATPTRA (TRTT_CODIGO,TRTT_CODTPTRA,TRTT_IDIOMA,TRTT_DESCRI,TRTT_URL) VALUES (RS2_TRATPTRA_SEQ.NEXTVAL,5233830,'ca','Presentació d''acceptació o renúncia de subvenció',null);
INSERT INTO RS2_TRATPTRA (TRTT_CODIGO,TRTT_CODTPTRA,TRTT_IDIOMA,TRTT_DESCRI,TRTT_URL) VALUES (RS2_TRATPTRA_SEQ.NEXTVAL,5233830,'es','Presentación de aceptación o renuncia de subvención',null);
INSERT INTO RS2_TRATPTRA (TRTT_CODIGO,TRTT_CODTPTRA,TRTT_IDIOMA,TRTT_DESCRI,TRTT_URL) VALUES (RS2_TRATPTRA_SEQ.NEXTVAL,5233806,'ca','b) Al·legacions d''ofici (procediments sancionadors i similars)',null);
INSERT INTO RS2_TRATPTRA (TRTT_CODIGO,TRTT_CODTPTRA,TRTT_IDIOMA,TRTT_DESCRI,TRTT_URL) VALUES (RS2_TRATPTRA_SEQ.NEXTVAL,5233806,'es','b) Alegaciones de oficio (procedimientos sancionadores y similares)',null);
INSERT INTO RS2_TRATPTRA (TRTT_CODIGO,TRTT_CODTPTRA,TRTT_IDIOMA,TRTT_DESCRI,TRTT_URL) VALUES (RS2_TRATPTRA_SEQ.NEXTVAL,5233836,'ca','Desistiment de la sol·licitud o renúncia al dret',null);
INSERT INTO RS2_TRATPTRA (TRTT_CODIGO,TRTT_CODTPTRA,TRTT_IDIOMA,TRTT_DESCRI,TRTT_URL) VALUES (RS2_TRATPTRA_SEQ.NEXTVAL,5233836,'es','Desistimiento de la solicitud o renuncia al derecho',null);
INSERT INTO RS2_TRATPTRA (TRTT_CODIGO,TRTT_CODTPTRA,TRTT_IDIOMA,TRTT_DESCRI,TRTT_URL) VALUES (RS2_TRATPTRA_SEQ.NEXTVAL,5233831,'ca','Reconeixement de la responsabilitat (sancionadors)',null);
INSERT INTO RS2_TRATPTRA (TRTT_CODIGO,TRTT_CODTPTRA,TRTT_IDIOMA,TRTT_DESCRI,TRTT_URL) VALUES (RS2_TRATPTRA_SEQ.NEXTVAL,5233831,'es','Reconocimiento de la responsabilidad (sancionadores)',null);
INSERT INTO RS2_TRATPTRA (TRTT_CODIGO,TRTT_CODTPTRA,TRTT_IDIOMA,TRTT_DESCRI,TRTT_URL) VALUES (RS2_TRATPTRA_SEQ.NEXTVAL,5416715,'ca','c) Presentació declaració responsable reconeixement o exercici dret (art.69 Llei 39/2015)',null);
INSERT INTO RS2_TRATPTRA (TRTT_CODIGO,TRTT_CODTPTRA,TRTT_IDIOMA,TRTT_DESCRI,TRTT_URL) VALUES (RS2_TRATPTRA_SEQ.NEXTVAL,5416715,'es','c) Presentación declaración responsable reconocimiento o ejercico derecho (Ley 39/2015)',null);
INSERT INTO RS2_TRATPTRA (TRTT_CODIGO,TRTT_CODTPTRA,TRTT_IDIOMA,TRTT_DESCRI,TRTT_URL) VALUES (RS2_TRATPTRA_SEQ.NEXTVAL,5233812,'ca','Esmena de la sol·licitud',null);
INSERT INTO RS2_TRATPTRA (TRTT_CODIGO,TRTT_CODTPTRA,TRTT_IDIOMA,TRTT_DESCRI,TRTT_URL) VALUES (RS2_TRATPTRA_SEQ.NEXTVAL,5233812,'es','Enmienda de la solicitud',null);
INSERT INTO RS2_TRATPTRA (TRTT_CODIGO,TRTT_CODTPTRA,TRTT_IDIOMA,TRTT_DESCRI,TRTT_URL) VALUES (RS2_TRATPTRA_SEQ.NEXTVAL,5233821,'ca','Presentació de documentació',null);
INSERT INTO RS2_TRATPTRA (TRTT_CODIGO,TRTT_CODTPTRA,TRTT_IDIOMA,TRTT_DESCRI,TRTT_URL) VALUES (RS2_TRATPTRA_SEQ.NEXTVAL,5233821,'es','Presentación de documentación',null);
INSERT INTO RS2_TRATPTRA (TRTT_CODIGO,TRTT_CODTPTRA,TRTT_IDIOMA,TRTT_DESCRI,TRTT_URL) VALUES (RS2_TRATPTRA_SEQ.NEXTVAL,5233805,'ca','a) Tràmit plantilla (sol·licitud d''inici)',null);
INSERT INTO RS2_TRATPTRA (TRTT_CODIGO,TRTT_CODTPTRA,TRTT_IDIOMA,TRTT_DESCRI,TRTT_URL) VALUES (RS2_TRATPTRA_SEQ.NEXTVAL,5233805,'es','a) Trámite plantilla (solicitud de inicio)',null);
INSERT INTO RS2_TRATPTRA (TRTT_CODIGO,TRTT_CODTPTRA,TRTT_IDIOMA,TRTT_DESCRI,TRTT_URL) VALUES (RS2_TRATPTRA_SEQ.NEXTVAL,5233815,'ca','Millora o modificació voluntària de la sol·licitud',null);
INSERT INTO RS2_TRATPTRA (TRTT_CODIGO,TRTT_CODTPTRA,TRTT_IDIOMA,TRTT_DESCRI,TRTT_URL) VALUES (RS2_TRATPTRA_SEQ.NEXTVAL,5233815,'es','Mejoramiento o modificación voluntaria de la solicitud',null);
INSERT INTO RS2_TRATPTRA (TRTT_CODIGO,TRTT_CODTPTRA,TRTT_IDIOMA,TRTT_DESCRI,TRTT_URL) VALUES (RS2_TRATPTRA_SEQ.NEXTVAL,5233824,'ca','Al·legacions en tràmit d''audiència',null);
INSERT INTO RS2_TRATPTRA (TRTT_CODIGO,TRTT_CODTPTRA,TRTT_IDIOMA,TRTT_DESCRI,TRTT_URL) VALUES (RS2_TRATPTRA_SEQ.NEXTVAL,5233824,'es','Alegaciones en trámite de audiencia',null);

/** Tipo de via **/
Insert into RS2_TIPOVIA (TPVI_CODIGO, TPVI_IDENTI) values (0, 'NO');
Insert into RS2_TRATPVI (TRTV_CODIGO, TRTV_CODTPVI, TRTV_IDIOMA, TRTV_DESCRI) values (RS2_TRATPVI_SEQ.NEXTVAL, 0, 'ca', 'No');
Insert into RS2_TRATPVI (TRTV_CODIGO, TRTV_CODTPVI, TRTV_IDIOMA, TRTV_DESCRI) values (RS2_TRATPVI_SEQ.NEXTVAL, 0, 'es', 'No');
Insert into RS2_TIPOVIA (TPVI_CODIGO, TPVI_IDENTI) values (1, 'SI');
Insert into RS2_TRATPVI (TRTV_CODIGO, TRTV_CODTPVI, TRTV_IDIOMA, TRTV_DESCRI) values (RS2_TRATPVI_SEQ.NEXTVAL, 1, 'ca', 'Si');
Insert into RS2_TRATPVI (TRTV_CODIGO, TRTV_CODTPVI, TRTV_IDIOMA, TRTV_DESCRI) values (RS2_TRATPVI_SEQ.NEXTVAL, 1, 'es', 'Sí');

/** TEMAS **/
Insert into RS2_TEMA (TEMA_CODENTI,TEMA_CODIGO,TEMA_IDENTI,TEMA_PADRE,TEMA_MATHPATH,TEMA_MATSIA) values ('1','1','MATERIAS',null,null,null);
Insert into RS2_TEMA (TEMA_CODIGO,TEMA_CODENTI,TEMA_IDENTI,TEMA_PADRE,TEMA_MATHPATH,TEMA_MATSIA) values ('2','1','ECONOMIA_EMP_TRABAJO','1','1',null);
Insert into RS2_TEMA (TEMA_CODIGO,TEMA_CODENTI,TEMA_IDENTI,TEMA_PADRE,TEMA_MATHPATH,TEMA_MATSIA) values ('3','1','EDUCACION_CULTURA_DEPORTE','1','1',null);
Insert into RS2_TEMA (TEMA_CODIGO,TEMA_CODENTI,TEMA_IDENTI,TEMA_PADRE,TEMA_MATHPATH,TEMA_MATSIA) values ('4','1','HABITABILIDAD_TRANSPORTE','1','1',null);
Insert into RS2_TEMA (TEMA_CODIGO,TEMA_CODENTI,TEMA_IDENTI,TEMA_PADRE,TEMA_MATHPATH,TEMA_MATSIA) values ('5','1','MEDIO_AMBIENTE_AGRICULTURA_PESCA','1','1',null);
Insert into RS2_TEMA (TEMA_CODIGO,TEMA_CODENTI,TEMA_IDENTI,TEMA_PADRE,TEMA_MATHPATH,TEMA_MATSIA) values ('6','1','SALUD_PRESTACION_SOCIAL','1','1',null);
Insert into RS2_TEMA (TEMA_CODIGO,TEMA_CODENTI,TEMA_IDENTI,TEMA_PADRE,TEMA_MATHPATH,TEMA_MATSIA) values ('7','1','SERVICIOS_CIUDADANIA','1','1',null);
Insert into RS2_TEMA (TEMA_CODIGO,TEMA_CODENTI,TEMA_IDENTI,TEMA_PADRE,TEMA_MATHPATH,TEMA_MATSIA) values ('8','1','TECNOLOGIA_INNOVACION','1','1',null);
Insert into RS2_TEMA (TEMA_CODIGO,TEMA_CODENTI,TEMA_IDENTI,TEMA_PADRE,TEMA_MATHPATH,TEMA_MATSIA) values ('5261','1','PESCA','5','1;5',21);
Insert into RS2_TEMA (TEMA_CODIGO,TEMA_CODENTI,TEMA_IDENTI,TEMA_PADRE,TEMA_MATHPATH,TEMA_MATSIA) values ('5521','1','AGRICULTURA','5','1;5',21);
Insert into RS2_TEMA (TEMA_CODIGO,TEMA_CODENTI,TEMA_IDENTI,TEMA_PADRE,TEMA_MATHPATH,TEMA_MATSIA) values ('5523','1','COMERS','2','1;2',26);
Insert into RS2_TEMA (TEMA_CODIGO,TEMA_CODENTI,TEMA_IDENTI,TEMA_PADRE,TEMA_MATHPATH,TEMA_MATSIA) values ('5524','1','CONSUM','2','1;2',23);
Insert into RS2_TEMA (TEMA_CODIGO,TEMA_CODENTI,TEMA_IDENTI,TEMA_PADRE,TEMA_MATHPATH,TEMA_MATSIA) values ('5526','1','COOPERACIO','6','1;6',41);
Insert into RS2_TEMA (TEMA_CODIGO,TEMA_CODENTI,TEMA_IDENTI,TEMA_PADRE,TEMA_MATHPATH,TEMA_MATSIA) values ('5527','1','CULTURA','3','1;3',42);
Insert into RS2_TEMA (TEMA_CODIGO,TEMA_CODENTI,TEMA_IDENTI,TEMA_PADRE,TEMA_MATHPATH,TEMA_MATSIA) values ('5528','1','DONA','6','1;6',52);
Insert into RS2_TEMA (TEMA_CODIGO,TEMA_CODENTI,TEMA_IDENTI,TEMA_PADRE,TEMA_MATHPATH,TEMA_MATSIA) values ('5530','1','EDUCACIO','3','1;3',27);
Insert into RS2_TEMA (TEMA_CODIGO,TEMA_CODENTI,TEMA_IDENTI,TEMA_PADRE,TEMA_MATHPATH,TEMA_MATSIA) values ('5531','1','EMERGENCIES','7','1;7',47);
Insert into RS2_TEMA (TEMA_CODIGO,TEMA_CODENTI,TEMA_IDENTI,TEMA_PADRE,TEMA_MATHPATH,TEMA_MATSIA) values ('5532','1','EMPRESA','2','1;2',28);
Insert into RS2_TEMA (TEMA_CODIGO,TEMA_CODENTI,TEMA_IDENTI,TEMA_PADRE,TEMA_MATHPATH,TEMA_MATSIA) values ('5533','1','ENERGIA','2','1;2',29);
Insert into RS2_TEMA (TEMA_CODIGO,TEMA_CODENTI,TEMA_IDENTI,TEMA_PADRE,TEMA_MATHPATH,TEMA_MATSIA) values ('5535','1','ESPORT','3','1;3',43);
Insert into RS2_TEMA (TEMA_CODIGO,TEMA_CODENTI,TEMA_IDENTI,TEMA_PADRE,TEMA_MATHPATH,TEMA_MATSIA) values ('5537','1','FUNCIOPUB','7','1;7',37);
Insert into RS2_TEMA (TEMA_CODIGO,TEMA_CODENTI,TEMA_IDENTI,TEMA_PADRE,TEMA_MATHPATH,TEMA_MATSIA) values ('5538','1','HABITATGE','4','1;4',39);
Insert into RS2_TEMA (TEMA_CODIGO,TEMA_CODENTI,TEMA_IDENTI,TEMA_PADRE,TEMA_MATHPATH,TEMA_MATSIA) values ('5539','1','IMMIGRACIO','6','1;6',44);
Insert into RS2_TEMA (TEMA_CODIGO,TEMA_CODENTI,TEMA_IDENTI,TEMA_PADRE,TEMA_MATHPATH,TEMA_MATSIA) values ('5540','1','INDUSTRIA','2','1;2',29);
Insert into RS2_TEMA (TEMA_CODIGO,TEMA_CODENTI,TEMA_IDENTI,TEMA_PADRE,TEMA_MATHPATH,TEMA_MATSIA) values ('5542','1','INNOVACIO','8','1;8',49);
Insert into RS2_TEMA (TEMA_CODIGO,TEMA_CODENTI,TEMA_IDENTI,TEMA_PADRE,TEMA_MATHPATH,TEMA_MATSIA) values ('5543','1','JOVENTUT','3','1;3',51);
Insert into RS2_TEMA (TEMA_CODIGO,TEMA_CODENTI,TEMA_IDENTI,TEMA_PADRE,TEMA_MATHPATH,TEMA_MATSIA) values ('5544','1','LLENGUA','3','1;3',27);
Insert into RS2_TEMA (TEMA_CODIGO,TEMA_CODENTI,TEMA_IDENTI,TEMA_PADRE,TEMA_MATHPATH,TEMA_MATSIA) values ('5545','1','MEDIAMBIENT','5','1;5',32);
Insert into RS2_TEMA (TEMA_CODIGO,TEMA_CODENTI,TEMA_IDENTI,TEMA_PADRE,TEMA_MATHPATH,TEMA_MATSIA) values ('5546','1','FAMILIA','6','1;6',52);
Insert into RS2_TEMA (TEMA_CODIGO,TEMA_CODENTI,TEMA_IDENTI,TEMA_PADRE,TEMA_MATHPATH,TEMA_MATSIA) values ('5547','1','INFANCIA','6','1;6',52);
Insert into RS2_TEMA (TEMA_CODIGO,TEMA_CODENTI,TEMA_IDENTI,TEMA_PADRE,TEMA_MATHPATH,TEMA_MATSIA) values ('5551','1','INSTITUCIONS','8','1;8',49);
Insert into RS2_TEMA (TEMA_CODIGO,TEMA_CODENTI,TEMA_IDENTI,TEMA_PADRE,TEMA_MATHPATH,TEMA_MATSIA) values ('5552','1','SALUT','6','1;6',35);
Insert into RS2_TEMA (TEMA_CODIGO,TEMA_CODENTI,TEMA_IDENTI,TEMA_PADRE,TEMA_MATHPATH,TEMA_MATSIA) values ('5553','1','SSOCIALS','6','1;6',52);
Insert into RS2_TEMA (TEMA_CODIGO,TEMA_CODENTI,TEMA_IDENTI,TEMA_PADRE,TEMA_MATHPATH,TEMA_MATSIA) values ('5554','1','TECNOLOGIA','8','1;8',49);
Insert into RS2_TEMA (TEMA_CODIGO,TEMA_CODENTI,TEMA_IDENTI,TEMA_PADRE,TEMA_MATHPATH,TEMA_MATSIA) values ('5556','1','TRANSPORT','4','1;4',38);
Insert into RS2_TEMA (TEMA_CODIGO,TEMA_CODENTI,TEMA_IDENTI,TEMA_PADRE,TEMA_MATHPATH,TEMA_MATSIA) values ('5557','1','TREBALL','2','1;2',37);
Insert into RS2_TEMA (TEMA_CODIGO,TEMA_CODENTI,TEMA_IDENTI,TEMA_PADRE,TEMA_MATHPATH,TEMA_MATSIA) values ('5558','1','TRIBUTS','2','1;2',30);
Insert into RS2_TEMA (TEMA_CODIGO,TEMA_CODENTI,TEMA_IDENTI,TEMA_PADRE,TEMA_MATHPATH,TEMA_MATSIA) values ('5559','1','TURISME','2','1;2',51);
Insert into RS2_TEMA (TEMA_CODIGO,TEMA_CODENTI,TEMA_IDENTI,TEMA_PADRE,TEMA_MATHPATH,TEMA_MATSIA) values ('5560','1','DISCAPACITAT','6','1;6',52);
Insert into RS2_TEMA (TEMA_CODIGO,TEMA_CODENTI,TEMA_IDENTI,TEMA_PADRE,TEMA_MATHPATH,TEMA_MATSIA) values ('34361','1','CIUTADANS','7','1;7',46);
Insert into RS2_TEMA (TEMA_CODIGO,TEMA_CODENTI,TEMA_IDENTI,TEMA_PADRE,TEMA_MATHPATH,TEMA_MATSIA) values ('535578','1','QUALITAT','7','1;7',46);
Insert into RS2_TEMA (TEMA_CODIGO,TEMA_CODENTI,TEMA_IDENTI,TEMA_PADRE,TEMA_MATHPATH,TEMA_MATSIA) values ('574786','1','DEPENDENCIA','6','1;6',52);
Insert into RS2_TEMA (TEMA_CODIGO,TEMA_CODENTI,TEMA_IDENTI,TEMA_PADRE,TEMA_MATHPATH,TEMA_MATSIA) values ('770033','1','URBANISME','7','1;7',48);
Insert into RS2_TEMA (TEMA_CODIGO,TEMA_CODENTI,TEMA_IDENTI,TEMA_PADRE,TEMA_MATHPATH,TEMA_MATSIA) values ('2632888','1','PUBLICACIONES_OFICIALES','7','1;7',34);
Insert into RS2_TEMA (TEMA_CODIGO,TEMA_CODENTI,TEMA_IDENTI,TEMA_PADRE,TEMA_MATHPATH,TEMA_MATSIA) values ('2632891','1','RECURSOS_HIDRICOS','5','1;5',32);

Insert into RS2_TRATEMA (TRTE_CODIGO,TRTE_CODTEMA,TNTR_DESCR,TRTE_IDIOMA) values ('1','1','Matèries','ca');
Insert into RS2_TRATEMA (TRTE_CODIGO,TRTE_CODTEMA,TNTR_DESCR,TRTE_IDIOMA) values ('2','1','Materias','es');
Insert into RS2_TRATEMA (TRTE_CODIGO,TRTE_CODTEMA,TNTR_DESCR,TRTE_IDIOMA) values ('3','2','Economía, empresas y trabajo','es');
Insert into RS2_TRATEMA (TRTE_CODIGO,TRTE_CODTEMA,TNTR_DESCR,TRTE_IDIOMA) values ('4','2','Economia, empreses i treball ','ca');
Insert into RS2_TRATEMA (TRTE_CODIGO,TRTE_CODTEMA,TNTR_DESCR,TRTE_IDIOMA) values ('5','3','Educación, cultura y deporte','es');
Insert into RS2_TRATEMA (TRTE_CODIGO,TRTE_CODTEMA,TNTR_DESCR,TRTE_IDIOMA) values ('6','3','Educació, cultura i esport','ca');
Insert into RS2_TRATEMA (TRTE_CODIGO,TRTE_CODTEMA,TNTR_DESCR,TRTE_IDIOMA) values ('7','4','Vivienda y transporte','es');
Insert into RS2_TRATEMA (TRTE_CODIGO,TRTE_CODTEMA,TNTR_DESCR,TRTE_IDIOMA) values ('8','4','Habitatge i transport ','ca');
Insert into RS2_TRATEMA (TRTE_CODIGO,TRTE_CODTEMA,TNTR_DESCR,TRTE_IDIOMA) values ('9','5','Medio ambiente, agricultura y pesca','es');
Insert into RS2_TRATEMA (TRTE_CODIGO,TRTE_CODTEMA,TNTR_DESCR,TRTE_IDIOMA) values ('10','5','Medi ambient, agricultura i pesca ','ca');
Insert into RS2_TRATEMA (TRTE_CODIGO,TRTE_CODTEMA,TNTR_DESCR,TRTE_IDIOMA) values ('11','6','Salud y prestaciones sociales','es');
Insert into RS2_TRATEMA (TRTE_CODIGO,TRTE_CODTEMA,TNTR_DESCR,TRTE_IDIOMA) values ('12','6','Salut i prestacions socials ','ca');
Insert into RS2_TRATEMA (TRTE_CODIGO,TRTE_CODTEMA,TNTR_DESCR,TRTE_IDIOMA) values ('13','7','Servicios a la ciudadanía','es');
Insert into RS2_TRATEMA (TRTE_CODIGO,TRTE_CODTEMA,TNTR_DESCR,TRTE_IDIOMA) values ('14','7','Serveis a la ciutadania','ca');
Insert into RS2_TRATEMA (TRTE_CODIGO,TRTE_CODTEMA,TNTR_DESCR,TRTE_IDIOMA) values ('15','8','Tecnología e innovación','es');
Insert into RS2_TRATEMA (TRTE_CODIGO,TRTE_CODTEMA,TNTR_DESCR,TRTE_IDIOMA) values ('16','8','Tecnologia i innovació','ca');
Insert into RS2_TRATEMA (TRTE_CODIGO,TRTE_CODTEMA,TNTR_DESCR,TRTE_IDIOMA) values ('17','5261','Pesca y medio marino','es');
Insert into RS2_TRATEMA (TRTE_CODIGO,TRTE_CODTEMA,TNTR_DESCR,TRTE_IDIOMA) values ('18','5261','Pesca i medi marí','ca');
Insert into RS2_TRATEMA (TRTE_CODIGO,TRTE_CODTEMA,TNTR_DESCR,TRTE_IDIOMA) values ('19','5521','Agricultura i ramaderia','ca');
Insert into RS2_TRATEMA (TRTE_CODIGO,TRTE_CODTEMA,TNTR_DESCR,TRTE_IDIOMA) values ('20','5521','Agricultura y ganadería','es');
Insert into RS2_TRATEMA (TRTE_CODIGO,TRTE_CODTEMA,TNTR_DESCR,TRTE_IDIOMA) values ('21','5523','Comerç','ca');
Insert into RS2_TRATEMA (TRTE_CODIGO,TRTE_CODTEMA,TNTR_DESCR,TRTE_IDIOMA) values ('22','5523','Comercio','es');
Insert into RS2_TRATEMA (TRTE_CODIGO,TRTE_CODTEMA,TNTR_DESCR,TRTE_IDIOMA) values ('23','5524','Consum','ca');
Insert into RS2_TRATEMA (TRTE_CODIGO,TRTE_CODTEMA,TNTR_DESCR,TRTE_IDIOMA) values ('24','5524','Consumo','es');
Insert into RS2_TRATEMA (TRTE_CODIGO,TRTE_CODTEMA,TNTR_DESCR,TRTE_IDIOMA) values ('25','5526','Cooperació','ca');
Insert into RS2_TRATEMA (TRTE_CODIGO,TRTE_CODTEMA,TNTR_DESCR,TRTE_IDIOMA) values ('26','5526','Coperación','es');
Insert into RS2_TRATEMA (TRTE_CODIGO,TRTE_CODTEMA,TNTR_DESCR,TRTE_IDIOMA) values ('27','5527','Cultura','ca');
Insert into RS2_TRATEMA (TRTE_CODIGO,TRTE_CODTEMA,TNTR_DESCR,TRTE_IDIOMA) values ('28','5527','Cultura','es');
Insert into RS2_TRATEMA (TRTE_CODIGO,TRTE_CODTEMA,TNTR_DESCR,TRTE_IDIOMA) values ('29','5528','Igualtat','ca');
Insert into RS2_TRATEMA (TRTE_CODIGO,TRTE_CODTEMA,TNTR_DESCR,TRTE_IDIOMA) values ('30','5528','Igualdad','es');
Insert into RS2_TRATEMA (TRTE_CODIGO,TRTE_CODTEMA,TNTR_DESCR,TRTE_IDIOMA) values ('31','5530','Educació','ca');
Insert into RS2_TRATEMA (TRTE_CODIGO,TRTE_CODTEMA,TNTR_DESCR,TRTE_IDIOMA) values ('32','5530','Educación','es');
Insert into RS2_TRATEMA (TRTE_CODIGO,TRTE_CODTEMA,TNTR_DESCR,TRTE_IDIOMA) values ('33','5531','Emergencias y seguridad','es');
Insert into RS2_TRATEMA (TRTE_CODIGO,TRTE_CODTEMA,TNTR_DESCR,TRTE_IDIOMA) values ('34','5531','Emergències i seguretat','ca');
Insert into RS2_TRATEMA (TRTE_CODIGO,TRTE_CODTEMA,TNTR_DESCR,TRTE_IDIOMA) values ('35','5532','Empresas y entidades','es');
Insert into RS2_TRATEMA (TRTE_CODIGO,TRTE_CODTEMA,TNTR_DESCR,TRTE_IDIOMA) values ('36','5532','Empreses i entitats','ca');
Insert into RS2_TRATEMA (TRTE_CODIGO,TRTE_CODTEMA,TNTR_DESCR,TRTE_IDIOMA) values ('37','5533','Energía','es');
Insert into RS2_TRATEMA (TRTE_CODIGO,TRTE_CODTEMA,TNTR_DESCR,TRTE_IDIOMA) values ('38','5533','Energia','ca');
Insert into RS2_TRATEMA (TRTE_CODIGO,TRTE_CODTEMA,TNTR_DESCR,TRTE_IDIOMA) values ('39','5535','Esports i oci','ca');
Insert into RS2_TRATEMA (TRTE_CODIGO,TRTE_CODTEMA,TNTR_DESCR,TRTE_IDIOMA) values ('40','5535','Deportes y ocio','es');
Insert into RS2_TRATEMA (TRTE_CODIGO,TRTE_CODTEMA,TNTR_DESCR,TRTE_IDIOMA) values ('41','5537','Oposicions i funció pública','ca');
Insert into RS2_TRATEMA (TRTE_CODIGO,TRTE_CODTEMA,TNTR_DESCR,TRTE_IDIOMA) values ('42','5537','Oposiciones i función pública','es');
Insert into RS2_TRATEMA (TRTE_CODIGO,TRTE_CODTEMA,TNTR_DESCR,TRTE_IDIOMA) values ('43','5538','Vivienda y Arquitectura','es');
Insert into RS2_TRATEMA (TRTE_CODIGO,TRTE_CODTEMA,TNTR_DESCR,TRTE_IDIOMA) values ('44','5538','Habitatge  i arquitectura','ca');
Insert into RS2_TRATEMA (TRTE_CODIGO,TRTE_CODTEMA,TNTR_DESCR,TRTE_IDIOMA) values ('45','5539','Inmigración','es');
Insert into RS2_TRATEMA (TRTE_CODIGO,TRTE_CODTEMA,TNTR_DESCR,TRTE_IDIOMA) values ('46','5539','Immigració','ca');
Insert into RS2_TRATEMA (TRTE_CODIGO,TRTE_CODTEMA,TNTR_DESCR,TRTE_IDIOMA) values ('47','5540','Industria','es');
Insert into RS2_TRATEMA (TRTE_CODIGO,TRTE_CODTEMA,TNTR_DESCR,TRTE_IDIOMA) values ('48','5540','Indústria','ca');
Insert into RS2_TRATEMA (TRTE_CODIGO,TRTE_CODTEMA,TNTR_DESCR,TRTE_IDIOMA) values ('49','5542','Innovación e investigación','es');
Insert into RS2_TRATEMA (TRTE_CODIGO,TRTE_CODTEMA,TNTR_DESCR,TRTE_IDIOMA) values ('50','5542','Innovació i recerca','ca');
Insert into RS2_TRATEMA (TRTE_CODIGO,TRTE_CODTEMA,TNTR_DESCR,TRTE_IDIOMA) values ('1037','5543','Juventud','es');
Insert into RS2_TRATEMA (TRTE_CODIGO,TRTE_CODTEMA,TNTR_DESCR,TRTE_IDIOMA) values ('1036','5543','Joventut','ca');
Insert into RS2_TRATEMA (TRTE_CODIGO,TRTE_CODTEMA,TNTR_DESCR,TRTE_IDIOMA) values ('1028','5544','Idiomes','ca');
Insert into RS2_TRATEMA (TRTE_CODIGO,TRTE_CODTEMA,TNTR_DESCR,TRTE_IDIOMA) values ('1029','5544','Idiomas','es');
Insert into RS2_TRATEMA (TRTE_CODIGO,TRTE_CODTEMA,TNTR_DESCR,TRTE_IDIOMA) values ('1067','5545','Medio ambiente','es');
Insert into RS2_TRATEMA (TRTE_CODIGO,TRTE_CODTEMA,TNTR_DESCR,TRTE_IDIOMA) values ('1050','5545','Medi ambient','ca');
Insert into RS2_TRATEMA (TRTE_CODIGO,TRTE_CODTEMA,TNTR_DESCR,TRTE_IDIOMA) values ('1062','5546','Familia','es');
Insert into RS2_TRATEMA (TRTE_CODIGO,TRTE_CODTEMA,TNTR_DESCR,TRTE_IDIOMA) values ('1061','5546','Família','ca');
Insert into RS2_TRATEMA (TRTE_CODIGO,TRTE_CODTEMA,TNTR_DESCR,TRTE_IDIOMA) values ('1033','5547','Menores','es');
Insert into RS2_TRATEMA (TRTE_CODIGO,TRTE_CODTEMA,TNTR_DESCR,TRTE_IDIOMA) values ('1032','5547','Menors','ca');
Insert into RS2_TRATEMA (TRTE_CODIGO,TRTE_CODTEMA,TNTR_DESCR,TRTE_IDIOMA) values ('1089','5551','Administración Electrónica','es');
Insert into RS2_TRATEMA (TRTE_CODIGO,TRTE_CODTEMA,TNTR_DESCR,TRTE_IDIOMA) values ('1088','5551','Administració electrònica','ca');
Insert into RS2_TRATEMA (TRTE_CODIGO,TRTE_CODTEMA,TNTR_DESCR,TRTE_IDIOMA) values ('1071','5552','Salut','ca');
Insert into RS2_TRATEMA (TRTE_CODIGO,TRTE_CODTEMA,TNTR_DESCR,TRTE_IDIOMA) values ('1072','5552','Salud','es');
Insert into RS2_TRATEMA (TRTE_CODIGO,TRTE_CODTEMA,TNTR_DESCR,TRTE_IDIOMA) values ('1044','5553','Prestaciones sociales','es');
Insert into RS2_TRATEMA (TRTE_CODIGO,TRTE_CODTEMA,TNTR_DESCR,TRTE_IDIOMA) values ('1043','5553','Prestacions socials','ca');
Insert into RS2_TRATEMA (TRTE_CODIGO,TRTE_CODTEMA,TNTR_DESCR,TRTE_IDIOMA) values ('1079','5554','Tecnologia i comunicacions','ca');
Insert into RS2_TRATEMA (TRTE_CODIGO,TRTE_CODTEMA,TNTR_DESCR,TRTE_IDIOMA) values ('1042','5554','Tecnología y comunicaciones','es');
Insert into RS2_TRATEMA (TRTE_CODIGO,TRTE_CODTEMA,TNTR_DESCR,TRTE_IDIOMA) values ('1025','5556','Transport','ca');
Insert into RS2_TRATEMA (TRTE_CODIGO,TRTE_CODTEMA,TNTR_DESCR,TRTE_IDIOMA) values ('1026','5556','Transporte','es');
Insert into RS2_TRATEMA (TRTE_CODIGO,TRTE_CODTEMA,TNTR_DESCR,TRTE_IDIOMA) values ('1027','5557','Trabajo y formación','es');
Insert into RS2_TRATEMA (TRTE_CODIGO,TRTE_CODTEMA,TNTR_DESCR,TRTE_IDIOMA) values ('1080','5557','Treball i formació','ca');
Insert into RS2_TRATEMA (TRTE_CODIGO,TRTE_CODTEMA,TNTR_DESCR,TRTE_IDIOMA) values ('1051','5558','Tributs i recaptació','ca');
Insert into RS2_TRATEMA (TRTE_CODIGO,TRTE_CODTEMA,TNTR_DESCR,TRTE_IDIOMA) values ('1052','5558','Tributos y recaudación','es');
Insert into RS2_TRATEMA (TRTE_CODIGO,TRTE_CODTEMA,TNTR_DESCR,TRTE_IDIOMA) values ('1073','5559','Turisme','ca');
Insert into RS2_TRATEMA (TRTE_CODIGO,TRTE_CODTEMA,TNTR_DESCR,TRTE_IDIOMA) values ('1074','5559','Turismo','es');
Insert into RS2_TRATEMA (TRTE_CODIGO,TRTE_CODTEMA,TNTR_DESCR,TRTE_IDIOMA) values ('1020','5560','Discapacidad','es');
Insert into RS2_TRATEMA (TRTE_CODIGO,TRTE_CODTEMA,TNTR_DESCR,TRTE_IDIOMA) values ('1019','5560','Discapacitat','ca');
Insert into RS2_TRATEMA (TRTE_CODIGO,TRTE_CODTEMA,TNTR_DESCR,TRTE_IDIOMA) values ('1034','34361','Participación ciutadana','es');
Insert into RS2_TRATEMA (TRTE_CODIGO,TRTE_CODTEMA,TNTR_DESCR,TRTE_IDIOMA) values ('1035','34361','Participació ciutadana','ca');
Insert into RS2_TRATEMA (TRTE_CODIGO,TRTE_CODTEMA,TNTR_DESCR,TRTE_IDIOMA) values ('1045','535578','Transparència','ca');
Insert into RS2_TRATEMA (TRTE_CODIGO,TRTE_CODTEMA,TNTR_DESCR,TRTE_IDIOMA) values ('1046','535578','Transparencia','es');
Insert into RS2_TRATEMA (TRTE_CODIGO,TRTE_CODTEMA,TNTR_DESCR,TRTE_IDIOMA) values ('1053','574786','Dependència','ca');
Insert into RS2_TRATEMA (TRTE_CODIGO,TRTE_CODTEMA,TNTR_DESCR,TRTE_IDIOMA) values ('1054','574786','Dependencia','es');
Insert into RS2_TRATEMA (TRTE_CODIGO,TRTE_CODTEMA,TNTR_DESCR,TRTE_IDIOMA) values ('1081','770033','Relacions amb altres administracions','ca');
Insert into RS2_TRATEMA (TRTE_CODIGO,TRTE_CODTEMA,TNTR_DESCR,TRTE_IDIOMA) values ('1082','770033','Relaciones con otras administraciones','es');
Insert into RS2_TRATEMA (TRTE_CODIGO,TRTE_CODTEMA,TNTR_DESCR,TRTE_IDIOMA) values ('1083','2632888','Publicacions Oficials','ca');
Insert into RS2_TRATEMA (TRTE_CODIGO,TRTE_CODTEMA,TNTR_DESCR,TRTE_IDIOMA) values ('1084','2632888','Publicaciones Oficiales','es');
Insert into RS2_TRATEMA (TRTE_CODIGO,TRTE_CODTEMA,TNTR_DESCR,TRTE_IDIOMA) values ('1085','2632891','Recursos Hídrics','ca');
Insert into RS2_TRATEMA (TRTE_CODIGO,TRTE_CODTEMA,TNTR_DESCR,TRTE_IDIOMA) values ('1086','2632891','Recursos Hídricos','es');

/** TIPO UNIDAD ADMINISTRATIVAS **/
Insert into RS2_TIPOUNA (TPUA_CODIGO,TPUA_CODENTI,TPUA_IDENTI) values ('1','1','PRESIDENCIA');
Insert into RS2_TIPOUNA (TPUA_CODIGO,TPUA_CODENTI,TPUA_IDENTI) values ('5375','1','DIRECCION_GENERAL');
Insert into RS2_TIPOUNA (TPUA_CODIGO,TPUA_CODENTI,TPUA_IDENTI) values ('5581','1','ORGANISMOS_EMPRESAS_PUBLICAS_AMBOS');
Insert into RS2_TIPOUNA (TPUA_CODIGO,TPUA_CODENTI,TPUA_IDENTI) values ('5582','1','CONSELLERIA');
Insert into RS2_TIPOUNA (TPUA_CODIGO,TPUA_CODENTI,TPUA_IDENTI) values ('5583','1','SERVICIO');
Insert into RS2_TIPOUNA (TPUA_CODIGO,TPUA_CODENTI,TPUA_IDENTI) values ('5584','1','SECRETARIA_GENERAL');
Insert into RS2_TIPOUNA (TPUA_CODIGO,TPUA_CODENTI,TPUA_IDENTI) values ('35941','1','DEPARTAMENTO');
Insert into RS2_TIPOUNA (TPUA_CODIGO,TPUA_CODENTI,TPUA_IDENTI) values ('74561','1','VICEPRESIDENCIA');
Insert into RS2_TIPOUNA (TPUA_CODIGO,TPUA_CODENTI,TPUA_IDENTI) values ('122091','1','AREA');
Insert into RS2_TIPOUNA (TPUA_CODIGO,TPUA_CODENTI,TPUA_IDENTI) values ('123466','1','DELEGACION_COMARCAL');
Insert into RS2_TIPOUNA (TPUA_CODIGO,TPUA_CODENTI,TPUA_IDENTI) values ('242195','1','SECCION');
Insert into RS2_TIPOUNA (TPUA_CODIGO,TPUA_CODENTI,TPUA_IDENTI) values ('270692','1','PORTAVOZ_GOBIERNO');
Insert into RS2_TIPOUNA (TPUA_CODIGO,TPUA_CODENTI,TPUA_IDENTI) values ('273595','1','GABINETE');
Insert into RS2_TIPOUNA (TPUA_CODIGO,TPUA_CODENTI,TPUA_IDENTI) values ('273596','1','JEFE_DE_GESTION');
Insert into RS2_TIPOUNA (TPUA_CODIGO,TPUA_CODENTI,TPUA_IDENTI) values ('287588','1','INTERVENCION');
Insert into RS2_TIPOUNA (TPUA_CODIGO,TPUA_CODENTI,TPUA_IDENTI) values ('336199','1','PRESIDENTE_DE_LA_JUNTA');
Insert into RS2_TIPOUNA (TPUA_CODIGO,TPUA_CODENTI,TPUA_IDENTI) values ('817743','1','BLANCO');
Insert into RS2_TIPOUNA (TPUA_CODIGO,TPUA_CODENTI,TPUA_IDENTI) values ('928411','1','NEGOCIADO');
Insert into RS2_TIPOUNA (TPUA_CODIGO,TPUA_CODENTI,TPUA_IDENTI) values ('969053','1','VICEPRESIDENCIA_EJECUTIVA');
Insert into RS2_TIPOUNA (TPUA_CODIGO,TPUA_CODENTI,TPUA_IDENTI) values ('1210705','1','ORGANISMOS_EMPRESAS_PUBLICAS_DIRECTOR');
Insert into RS2_TIPOUNA (TPUA_CODIGO,TPUA_CODENTI,TPUA_IDENTI) values ('1267659','1','COORDINADOR');
Insert into RS2_TIPOUNA (TPUA_CODIGO,TPUA_CODENTI,TPUA_IDENTI) values ('1325466','1','SECRETARIA_AUTONOMICA');
Insert into RS2_TIPOUNA (TPUA_CODIGO,TPUA_CODENTI,TPUA_IDENTI) values ('2155043','1','EN_FUNCIONES');
Insert into RS2_TIPOUNA (TPUA_CODIGO,TPUA_CODENTI,TPUA_IDENTI) values ('2522995','1','RESPONSABLE_COMUNICACION');
Insert into RS2_TIPOUNA (TPUA_CODIGO,TPUA_CODENTI,TPUA_IDENTI) values ('2522997','1','ASESOR_TECNICO');
Insert into RS2_TIPOUNA (TPUA_CODIGO,TPUA_CODENTI,TPUA_IDENTI) values ('2561286','1','GERENTE');
Insert into RS2_TIPOUNA (TPUA_CODIGO,TPUA_CODENTI,TPUA_IDENTI) values ('3069234','1','VICEPRESIDENCIA_I_CONSELLERIA');
Insert into RS2_TIPOUNA (TPUA_CODIGO,TPUA_CODENTI,TPUA_IDENTI) values ('3834812','1','INTERLOCUTOR_PARLAMENTARIO');
Insert into RS2_TIPOUNA (TPUA_CODIGO,TPUA_CODENTI,TPUA_IDENTI) values ('3834891','1','JEFE_SECRETARIA_GABINETE');

Insert into RS2_TRATPUA (TRTU_CODIGO,TRTU_CODTPUA,TRTU_DESCRI,TRTU_CRGMAS,TRTU_CRGFEM,TRTU_TRCMAS,TRTU_TRCFEM,TRTU_IDIOMA) values (RS2_TRATPUA_SEQ.NEXTVAL,'1','Presidència','President','Presidenta','M. Hble. Sr.','M. Hble. Sra.','ca');
Insert into RS2_TRATPUA (TRTU_CODIGO,TRTU_CODTPUA,TRTU_DESCRI,TRTU_CRGMAS,TRTU_CRGFEM,TRTU_TRCMAS,TRTU_TRCFEM,TRTU_IDIOMA) values (RS2_TRATPUA_SEQ.NEXTVAL,'1','Presidencia','Presidente','Presidenta','M. Hble. Sr.','M. Hble. Sra.','es');
Insert into RS2_TRATPUA (TRTU_CODIGO,TRTU_CODTPUA,TRTU_DESCRI,TRTU_CRGMAS,TRTU_CRGFEM,TRTU_TRCMAS,TRTU_TRCFEM,TRTU_IDIOMA) values (RS2_TRATPUA_SEQ.NEXTVAL,'5375','Direcció general','Director general','Directora general','Sr.','Sra.','ca');
Insert into RS2_TRATPUA (TRTU_CODIGO,TRTU_CODTPUA,TRTU_DESCRI,TRTU_CRGMAS,TRTU_CRGFEM,TRTU_TRCMAS,TRTU_TRCFEM,TRTU_IDIOMA) values (RS2_TRATPUA_SEQ.NEXTVAL,'5375','Dirección general','Director general','Directora general','Sr.','Sra.','es');
Insert into RS2_TRATPUA (TRTU_CODIGO,TRTU_CODTPUA,TRTU_DESCRI,TRTU_CRGMAS,TRTU_CRGFEM,TRTU_TRCMAS,TRTU_TRCFEM,TRTU_IDIOMA) values (RS2_TRATPUA_SEQ.NEXTVAL,'5581','Organismes i empreses públiques (ambos)','Director/Gerent','Directora/Gerent','Sr.','Sra.','ca');
Insert into RS2_TRATPUA (TRTU_CODIGO,TRTU_CODTPUA,TRTU_DESCRI,TRTU_CRGMAS,TRTU_CRGFEM,TRTU_TRCMAS,TRTU_TRCFEM,TRTU_IDIOMA) values (RS2_TRATPUA_SEQ.NEXTVAL,'5581','Organismos y empresas públicas','Director/Gerente','Directora/Gerente','Sr.','Sra.','es');
Insert into RS2_TRATPUA (TRTU_CODIGO,TRTU_CODTPUA,TRTU_DESCRI,TRTU_CRGMAS,TRTU_CRGFEM,TRTU_TRCMAS,TRTU_TRCFEM,TRTU_IDIOMA) values (RS2_TRATPUA_SEQ.NEXTVAL,'5582','Conselleria','Conseller','Consellera','Sr.','Sra.','ca');
Insert into RS2_TRATPUA (TRTU_CODIGO,TRTU_CODTPUA,TRTU_DESCRI,TRTU_CRGMAS,TRTU_CRGFEM,TRTU_TRCMAS,TRTU_TRCFEM,TRTU_IDIOMA) values (RS2_TRATPUA_SEQ.NEXTVAL,'5582','Consejeria','Consejero','Consejera','Sr.','Sra.','es');
Insert into RS2_TRATPUA (TRTU_CODIGO,TRTU_CODTPUA,TRTU_DESCRI,TRTU_CRGMAS,TRTU_CRGFEM,TRTU_TRCMAS,TRTU_TRCFEM,TRTU_IDIOMA) values (RS2_TRATPUA_SEQ.NEXTVAL,'5583','Servei','Cap de servei','Cap de servei','Sr.','Sra.','ca');
Insert into RS2_TRATPUA (TRTU_CODIGO,TRTU_CODTPUA,TRTU_DESCRI,TRTU_CRGMAS,TRTU_CRGFEM,TRTU_TRCMAS,TRTU_TRCFEM,TRTU_IDIOMA) values (RS2_TRATPUA_SEQ.NEXTVAL,'5583','Servicio','Jefe del servicio','Jefa del servicio','Sr.','Sra.','es');
Insert into RS2_TRATPUA (TRTU_CODIGO,TRTU_CODTPUA,TRTU_DESCRI,TRTU_CRGMAS,TRTU_CRGFEM,TRTU_TRCMAS,TRTU_TRCFEM,TRTU_IDIOMA) values (RS2_TRATPUA_SEQ.NEXTVAL,'5584','Secretaria General','Secretari','Secretària','Sr.','Sra.','ca');
Insert into RS2_TRATPUA (TRTU_CODIGO,TRTU_CODTPUA,TRTU_DESCRI,TRTU_CRGMAS,TRTU_CRGFEM,TRTU_TRCMAS,TRTU_TRCFEM,TRTU_IDIOMA) values (RS2_TRATPUA_SEQ.NEXTVAL,'5584','Secretaría General','Secretario','Secretaria','Sr.','Sra.','es');
Insert into RS2_TRATPUA (TRTU_CODIGO,TRTU_CODTPUA,TRTU_DESCRI,TRTU_CRGMAS,TRTU_CRGFEM,TRTU_TRCMAS,TRTU_TRCFEM,TRTU_IDIOMA) values (RS2_TRATPUA_SEQ.NEXTVAL,'35941','Departament','Cap de departament','Cap de departament','Sr.','Sra. ','ca');
Insert into RS2_TRATPUA (TRTU_CODIGO,TRTU_CODTPUA,TRTU_DESCRI,TRTU_CRGMAS,TRTU_CRGFEM,TRTU_TRCMAS,TRTU_TRCFEM,TRTU_IDIOMA) values (RS2_TRATPUA_SEQ.NEXTVAL,'35941','Departamento','Jefe de departamento','Jefa de departamento','Sr.','Sra. ','es');
Insert into RS2_TRATPUA (TRTU_CODIGO,TRTU_CODTPUA,TRTU_DESCRI,TRTU_CRGMAS,TRTU_CRGFEM,TRTU_TRCMAS,TRTU_TRCFEM,TRTU_IDIOMA) values (RS2_TRATPUA_SEQ.NEXTVAL,'74561','Vicepresidència','Vicepresident','Vicepresidenta ','Sr.','Sra.','ca');
Insert into RS2_TRATPUA (TRTU_CODIGO,TRTU_CODTPUA,TRTU_DESCRI,TRTU_CRGMAS,TRTU_CRGFEM,TRTU_TRCMAS,TRTU_TRCFEM,TRTU_IDIOMA) values (RS2_TRATPUA_SEQ.NEXTVAL,'74561','Vicepresidencia','Vicepresidente','Vicepresidenta ','Sr.','Sra.','es');
Insert into RS2_TRATPUA (TRTU_CODIGO,TRTU_CODTPUA,TRTU_DESCRI,TRTU_CRGMAS,TRTU_CRGFEM,TRTU_TRCMAS,TRTU_TRCFEM,TRTU_IDIOMA) values (RS2_TRATPUA_SEQ.NEXTVAL,'122091','Àrea','Cap d''àrea','Cap d''àrea','Sr.','Sra.','ca');
Insert into RS2_TRATPUA (TRTU_CODIGO,TRTU_CODTPUA,TRTU_DESCRI,TRTU_CRGMAS,TRTU_CRGFEM,TRTU_TRCMAS,TRTU_TRCFEM,TRTU_IDIOMA) values (RS2_TRATPUA_SEQ.NEXTVAL,'122091','Área','Jefe de área','Jefe de área','Sr.','Sra.','es');
Insert into RS2_TRATPUA (TRTU_CODIGO,TRTU_CODTPUA,TRTU_DESCRI,TRTU_CRGMAS,TRTU_CRGFEM,TRTU_TRCMAS,TRTU_TRCFEM,TRTU_IDIOMA) values (RS2_TRATPUA_SEQ.NEXTVAL,'123466','Delegació Comarcal','Delegat','Delegada','Sr.','Sra.','ca');
Insert into RS2_TRATPUA (TRTU_CODIGO,TRTU_CODTPUA,TRTU_DESCRI,TRTU_CRGMAS,TRTU_CRGFEM,TRTU_TRCMAS,TRTU_TRCFEM,TRTU_IDIOMA) values (RS2_TRATPUA_SEQ.NEXTVAL,'123466','Delegación Comarcal','Delegado','Delegada','Sr.','Sra.','es');
Insert into RS2_TRATPUA (TRTU_CODIGO,TRTU_CODTPUA,TRTU_DESCRI,TRTU_CRGMAS,TRTU_CRGFEM,TRTU_TRCMAS,TRTU_TRCFEM,TRTU_IDIOMA) values (RS2_TRATPUA_SEQ.NEXTVAL,'242195','Secció','Cap de secció','Cap de secció','Sr.','Sra.','ca');
Insert into RS2_TRATPUA (TRTU_CODIGO,TRTU_CODTPUA,TRTU_DESCRI,TRTU_CRGMAS,TRTU_CRGFEM,TRTU_TRCMAS,TRTU_TRCFEM,TRTU_IDIOMA) values (RS2_TRATPUA_SEQ.NEXTVAL,'242195','Sección','Jefe de sección','Jefa de sección','Sr.','Sra.','es');
Insert into RS2_TRATPUA (TRTU_CODIGO,TRTU_CODTPUA,TRTU_DESCRI,TRTU_CRGMAS,TRTU_CRGFEM,TRTU_TRCMAS,TRTU_TRCFEM,TRTU_IDIOMA) values (RS2_TRATPUA_SEQ.NEXTVAL,'270692','Portaveu del Govern','Portaveu','Portaveu','M. Hble. Sr.','M. Hble. Sra.','ca');
Insert into RS2_TRATPUA (TRTU_CODIGO,TRTU_CODTPUA,TRTU_DESCRI,TRTU_CRGMAS,TRTU_CRGFEM,TRTU_TRCMAS,TRTU_TRCFEM,TRTU_IDIOMA) values (RS2_TRATPUA_SEQ.NEXTVAL,'270692','Portavoz del Gobierno','Portavoz','Portavoz','M. Hble. Sr.','M. Hble. Sra.','es');
Insert into RS2_TRATPUA (TRTU_CODIGO,TRTU_CODTPUA,TRTU_DESCRI,TRTU_CRGMAS,TRTU_CRGFEM,TRTU_TRCMAS,TRTU_TRCFEM,TRTU_IDIOMA) values (RS2_TRATPUA_SEQ.NEXTVAL,'273595','Gabinet','Cap de Gabinet','Cap de Gabinet','Sr.','Sra.','ca');
Insert into RS2_TRATPUA (TRTU_CODIGO,TRTU_CODTPUA,TRTU_DESCRI,TRTU_CRGMAS,TRTU_CRGFEM,TRTU_TRCMAS,TRTU_TRCFEM,TRTU_IDIOMA) values (RS2_TRATPUA_SEQ.NEXTVAL,'273595','Gabinete','Jefe de Gabinete','Jefe de Gabinete','Sr.','Sra.','es');
Insert into RS2_TRATPUA (TRTU_CODIGO,TRTU_CODTPUA,TRTU_DESCRI,TRTU_CRGMAS,TRTU_CRGFEM,TRTU_TRCMAS,TRTU_TRCFEM,TRTU_IDIOMA) values (RS2_TRATPUA_SEQ.NEXTVAL,'273596','Cap de Gestió','Cap de Gestió','Cap de Gestió','Sr.','Sra.','ca');
Insert into RS2_TRATPUA (TRTU_CODIGO,TRTU_CODTPUA,TRTU_DESCRI,TRTU_CRGMAS,TRTU_CRGFEM,TRTU_TRCMAS,TRTU_TRCFEM,TRTU_IDIOMA) values (RS2_TRATPUA_SEQ.NEXTVAL,'273596','Jefe de Gestión','Jefe de Gestión','Jefe de Gestión','Sr.','Sra.','es');
Insert into RS2_TRATPUA (TRTU_CODIGO,TRTU_CODTPUA,TRTU_DESCRI,TRTU_CRGMAS,TRTU_CRGFEM,TRTU_TRCMAS,TRTU_TRCFEM,TRTU_IDIOMA) values (RS2_TRATPUA_SEQ.NEXTVAL,'287588','Intervencio','Interventor','Interventora','Sr.','Sra.','ca');
Insert into RS2_TRATPUA (TRTU_CODIGO,TRTU_CODTPUA,TRTU_DESCRI,TRTU_CRGMAS,TRTU_CRGFEM,TRTU_TRCMAS,TRTU_TRCFEM,TRTU_IDIOMA) values (RS2_TRATPUA_SEQ.NEXTVAL,'287588','Intervención','Interventor','Interventora','Sr.','Sra.','es');
Insert into RS2_TRATPUA (TRTU_CODIGO,TRTU_CODTPUA,TRTU_DESCRI,TRTU_CRGMAS,TRTU_CRGFEM,TRTU_TRCMAS,TRTU_TRCFEM,TRTU_IDIOMA) values (RS2_TRATPUA_SEQ.NEXTVAL,'336199','President de la junta','President','Presidenta','Sr.','Sra.','ca');
Insert into RS2_TRATPUA (TRTU_CODIGO,TRTU_CODTPUA,TRTU_DESCRI,TRTU_CRGMAS,TRTU_CRGFEM,TRTU_TRCMAS,TRTU_TRCFEM,TRTU_IDIOMA) values (RS2_TRATPUA_SEQ.NEXTVAL,'336199','Presidente de la junta','Presidente','Presidenta','Sr.','Sra.','es');
Insert into RS2_TRATPUA (TRTU_CODIGO,TRTU_CODTPUA,TRTU_DESCRI,TRTU_CRGMAS,TRTU_CRGFEM,TRTU_TRCMAS,TRTU_TRCFEM,TRTU_IDIOMA) values (RS2_TRATPUA_SEQ.NEXTVAL,'817743','blanco',null,null,'Sr.','Sra.','ca');
Insert into RS2_TRATPUA (TRTU_CODIGO,TRTU_CODTPUA,TRTU_DESCRI,TRTU_CRGMAS,TRTU_CRGFEM,TRTU_TRCMAS,TRTU_TRCFEM,TRTU_IDIOMA) values (RS2_TRATPUA_SEQ.NEXTVAL,'817743','blanco',null,null,'Sr.','Sra.','es');
Insert into RS2_TRATPUA (TRTU_CODIGO,TRTU_CODTPUA,TRTU_DESCRI,TRTU_CRGMAS,TRTU_CRGFEM,TRTU_TRCMAS,TRTU_TRCFEM,TRTU_IDIOMA) values (RS2_TRATPUA_SEQ.NEXTVAL,'928411','Negociat','Cap de negociat','Cap de negociat','Sr.','Sra.','ca');
Insert into RS2_TRATPUA (TRTU_CODIGO,TRTU_CODTPUA,TRTU_DESCRI,TRTU_CRGMAS,TRTU_CRGFEM,TRTU_TRCMAS,TRTU_TRCFEM,TRTU_IDIOMA) values (RS2_TRATPUA_SEQ.NEXTVAL,'928411','Negociado','Jefe de negociado','Jefa de negociado','Sr.','Sra.','es');
Insert into RS2_TRATPUA (TRTU_CODIGO,TRTU_CODTPUA,TRTU_DESCRI,TRTU_CRGMAS,TRTU_CRGFEM,TRTU_TRCMAS,TRTU_TRCFEM,TRTU_IDIOMA) values (RS2_TRATPUA_SEQ.NEXTVAL,'969053','Vicepresidencia executiva','Vicepresident executiu ','Vicepresidenta executiva','Sr.','Sra.','ca');
Insert into RS2_TRATPUA (TRTU_CODIGO,TRTU_CODTPUA,TRTU_DESCRI,TRTU_CRGMAS,TRTU_CRGFEM,TRTU_TRCMAS,TRTU_TRCFEM,TRTU_IDIOMA) values (RS2_TRATPUA_SEQ.NEXTVAL,'969053','Vicepresidencia ejecutiva','Vicepresidente ejecutivo','Vicepresidenta ejecutiva','Sr.','Sra.','es');
Insert into RS2_TRATPUA (TRTU_CODIGO,TRTU_CODTPUA,TRTU_DESCRI,TRTU_CRGMAS,TRTU_CRGFEM,TRTU_TRCMAS,TRTU_TRCFEM,TRTU_IDIOMA) values (RS2_TRATPUA_SEQ.NEXTVAL,'1210705','Organismes i empreses públiques (director)','Director','Directora','Sr.','Sra.','ca');
Insert into RS2_TRATPUA (TRTU_CODIGO,TRTU_CODTPUA,TRTU_DESCRI,TRTU_CRGMAS,TRTU_CRGFEM,TRTU_TRCMAS,TRTU_TRCFEM,TRTU_IDIOMA) values (RS2_TRATPUA_SEQ.NEXTVAL,'1210705','Organismes i empreses públiques (director)','Director','Directora','Sr.','Sra.','es');
Insert into RS2_TRATPUA (TRTU_CODIGO,TRTU_CODTPUA,TRTU_DESCRI,TRTU_CRGMAS,TRTU_CRGFEM,TRTU_TRCMAS,TRTU_TRCFEM,TRTU_IDIOMA) values (RS2_TRATPUA_SEQ.NEXTVAL,'1267659','Coordinador','Coordinador','Coordinadora','Sr.','Sra.','ca');
Insert into RS2_TRATPUA (TRTU_CODIGO,TRTU_CODTPUA,TRTU_DESCRI,TRTU_CRGMAS,TRTU_CRGFEM,TRTU_TRCMAS,TRTU_TRCFEM,TRTU_IDIOMA) values (RS2_TRATPUA_SEQ.NEXTVAL,'1267659','Coordinador','Coordinador','Coordinadora','Sr.','Sra.','es');
Insert into RS2_TRATPUA (TRTU_CODIGO,TRTU_CODTPUA,TRTU_DESCRI,TRTU_CRGMAS,TRTU_CRGFEM,TRTU_TRCMAS,TRTU_TRCFEM,TRTU_IDIOMA) values (RS2_TRATPUA_SEQ.NEXTVAL,'1325466','Secretaria autonòmica','Secretari autonòmic','Secretària autonòmica','Sr.','Sra.','ca');
Insert into RS2_TRATPUA (TRTU_CODIGO,TRTU_CODTPUA,TRTU_DESCRI,TRTU_CRGMAS,TRTU_CRGFEM,TRTU_TRCMAS,TRTU_TRCFEM,TRTU_IDIOMA) values (RS2_TRATPUA_SEQ.NEXTVAL,'1325466','Secretaría autonómica','Secretario autonomico','Secretaria autonómica','Sr.','Sra.','es');
Insert into RS2_TRATPUA (TRTU_CODIGO,TRTU_CODTPUA,TRTU_DESCRI,TRTU_CRGMAS,TRTU_CRGFEM,TRTU_TRCMAS,TRTU_TRCFEM,TRTU_IDIOMA) values (RS2_TRATPUA_SEQ.NEXTVAL,'2155043','En funcions','Director General en funcions','Directora General en funcions','Sr.','Sra.','ca');
Insert into RS2_TRATPUA (TRTU_CODIGO,TRTU_CODTPUA,TRTU_DESCRI,TRTU_CRGMAS,TRTU_CRGFEM,TRTU_TRCMAS,TRTU_TRCFEM,TRTU_IDIOMA) values (RS2_TRATPUA_SEQ.NEXTVAL,'2155043','En funciones','Director General en funciones','Directora General en funciones','Sr.','Sra.','es');
Insert into RS2_TRATPUA (TRTU_CODIGO,TRTU_CODTPUA,TRTU_DESCRI,TRTU_CRGMAS,TRTU_CRGFEM,TRTU_TRCMAS,TRTU_TRCFEM,TRTU_IDIOMA) values (RS2_TRATPUA_SEQ.NEXTVAL,'2522995','Responsable de comunicació','Responsable de comunicació','Responsable de comunicació','Sr.','Sra.','ca');
Insert into RS2_TRATPUA (TRTU_CODIGO,TRTU_CODTPUA,TRTU_DESCRI,TRTU_CRGMAS,TRTU_CRGFEM,TRTU_TRCMAS,TRTU_TRCFEM,TRTU_IDIOMA) values (RS2_TRATPUA_SEQ.NEXTVAL,'2522995','Responsable de comunicación','Responsable de comunicación','Responsable de comunicación','Sr.','Sra.','es');
Insert into RS2_TRATPUA (TRTU_CODIGO,TRTU_CODTPUA,TRTU_DESCRI,TRTU_CRGMAS,TRTU_CRGFEM,TRTU_TRCMAS,TRTU_TRCFEM,TRTU_IDIOMA) values (RS2_TRATPUA_SEQ.NEXTVAL,'2522997','Assessor/a tècnic/a','Assessor','Assessora','Sr.','Sra.','ca');
Insert into RS2_TRATPUA (TRTU_CODIGO,TRTU_CODTPUA,TRTU_DESCRI,TRTU_CRGMAS,TRTU_CRGFEM,TRTU_TRCMAS,TRTU_TRCFEM,TRTU_IDIOMA) values (RS2_TRATPUA_SEQ.NEXTVAL,'2522997','Asesor/a técnico/a','Asesor','Asesora','Sr.','Sra.','es');
Insert into RS2_TRATPUA (TRTU_CODIGO,TRTU_CODTPUA,TRTU_DESCRI,TRTU_CRGMAS,TRTU_CRGFEM,TRTU_TRCMAS,TRTU_TRCFEM,TRTU_IDIOMA) values (RS2_TRATPUA_SEQ.NEXTVAL,'2561286','Gerent','Gerent','Gerent','Sr.','Sra.','ca');
Insert into RS2_TRATPUA (TRTU_CODIGO,TRTU_CODTPUA,TRTU_DESCRI,TRTU_CRGMAS,TRTU_CRGFEM,TRTU_TRCMAS,TRTU_TRCFEM,TRTU_IDIOMA) values (RS2_TRATPUA_SEQ.NEXTVAL,'2561286','Gerente','Gerente','Gerente','Sr.','Sra.','es');
Insert into RS2_TRATPUA (TRTU_CODIGO,TRTU_CODTPUA,TRTU_DESCRI,TRTU_CRGMAS,TRTU_CRGFEM,TRTU_TRCMAS,TRTU_TRCFEM,TRTU_IDIOMA) values (RS2_TRATPUA_SEQ.NEXTVAL,'3069234','Vicepresidència i Conselleria','Vicepresident i conseller','Vicepresidenta i consellera','Sr.','Sra.','ca');
Insert into RS2_TRATPUA (TRTU_CODIGO,TRTU_CODTPUA,TRTU_DESCRI,TRTU_CRGMAS,TRTU_CRGFEM,TRTU_TRCMAS,TRTU_TRCFEM,TRTU_IDIOMA) values (RS2_TRATPUA_SEQ.NEXTVAL,'3069234','Vicepresidencia i Conselleria','Vicepresidente y conseller','Vicepresidenta y consellera','Sr.','Sra.','es');
Insert into RS2_TRATPUA (TRTU_CODIGO,TRTU_CODTPUA,TRTU_DESCRI,TRTU_CRGMAS,TRTU_CRGFEM,TRTU_TRCMAS,TRTU_TRCFEM,TRTU_IDIOMA) values (RS2_TRATPUA_SEQ.NEXTVAL,'3834812','Interlocutor/a parlamentari/ària','Interlocutor parlamentàri','Interlocutora parlamentària','Sr.','Sra.','ca');
Insert into RS2_TRATPUA (TRTU_CODIGO,TRTU_CODTPUA,TRTU_DESCRI,TRTU_CRGMAS,TRTU_CRGFEM,TRTU_TRCMAS,TRTU_TRCFEM,TRTU_IDIOMA) values (RS2_TRATPUA_SEQ.NEXTVAL,'3834812','Interlocutor/a parlamentari/a','Interlocutor parlamentario','Interlocutora parlamentaria','Sr.','Sra.','es');
Insert into RS2_TRATPUA (TRTU_CODIGO,TRTU_CODTPUA,TRTU_DESCRI,TRTU_CRGMAS,TRTU_CRGFEM,TRTU_TRCMAS,TRTU_TRCFEM,TRTU_IDIOMA) values (RS2_TRATPUA_SEQ.NEXTVAL,'3834891','Secretaria del Gabinet','Cap de la Secretaria del Gabinet','Cap de la Secretaria del Gabinet','Sr.','Sra.','ca');
Insert into RS2_TRATPUA (TRTU_CODIGO,TRTU_CODTPUA,TRTU_DESCRI,TRTU_CRGMAS,TRTU_CRGFEM,TRTU_TRCMAS,TRTU_TRCFEM,TRTU_IDIOMA) values (RS2_TRATPUA_SEQ.NEXTVAL,'3834891','Jefe/a de la Secretaría del Gabinete','Jefe de la Secretaría del Gabinete','Jefa de la Secretaría del Gabinete','Sr.','Sra.','es');

/** AFECTACION **/
Insert into RS2_TIPOAFE (TPAN_CODIGO,TPAN_IDENTI) values ('1','CORRECCION');
Insert into RS2_TIPOAFE (TPAN_CODIGO,TPAN_IDENTI) values ('2','AFECTACION1');
Insert into RS2_TIPOAFE (TPAN_CODIGO,TPAN_IDENTI) values ('4','AFECTACION2');

Insert into RS2_TRATPAN (TRTA_CODIGO,TRTA_CODTPAN,TRTA_IDIOMA,TRTA_DESCRI) values (RS2_TRATPAN_SEQ.NEXTVAL,'1','es','Corrección de errores');
Insert into RS2_TRATPAN (TRTA_CODIGO,TRTA_CODTPAN,TRTA_IDIOMA,TRTA_DESCRI) values (RS2_TRATPAN_SEQ.NEXTVAL,'1','ca','Correcció d''errors');
Insert into RS2_TRATPAN (TRTA_CODIGO,TRTA_CODTPAN,TRTA_IDIOMA,TRTA_DESCRI) values (RS2_TRATPAN_SEQ.NEXTVAL,'2','es','Afectacio1');
Insert into RS2_TRATPAN (TRTA_CODIGO,TRTA_CODTPAN,TRTA_IDIOMA,TRTA_DESCRI) values (RS2_TRATPAN_SEQ.NEXTVAL,'2','ca','Afectacio1');
Insert into RS2_TRATPAN (TRTA_CODIGO,TRTA_CODTPAN,TRTA_IDIOMA,TRTA_DESCRI) values (RS2_TRATPAN_SEQ.NEXTVAL,'4','es','Afectacio2');
Insert into RS2_TRATPAN (TRTA_CODIGO,TRTA_CODTPAN,TRTA_IDIOMA,TRTA_DESCRI) values (RS2_TRATPAN_SEQ.NEXTVAL,'4','ca','Afectacio2');

/** CONFIGURACION GLOBAL **/
INSERT INTO RS2_CNFGLO(CFG_CODIGO, CFG_PROP,CFG_VALOR,CFG_DESCR,CFG_NOMOD) VALUES (RS2_CNFGLO_SEQ.NEXTVAL, 'ua.mostrar.procsNormativas', 'S','Para mostrar en la ventana de UAs los procedimientos y normativas (hace más lenta la ventana)',1);
INSERT INTO RS2_CNFGLO(CFG_CODIGO, CFG_PROP,CFG_VALOR,CFG_DESCR,CFG_NOMOD) VALUES (RS2_CNFGLO_SEQ.NEXTVAL, 'idiomaDefecto', 'ca','En el caso de los tipos que no cuelgan de entidad, en caso de no pasarse el idioma en el restapi, para saber que idioma coger.',0);

/** UNIDAD ORGANIZATIVA DIR3 **/
/*insert into rs2_uniorg (ORG_CODIGO,ORG_CODDIR3,ORG_CODPADRE,ORG_CODENTI,ORG_DENOM,ORG_VERSION) values (RS2_UNIORG_SEQ.nextval, 'A04003003', null, 1, 'GOIB',0);*/