-- De momento, no hay datos iniciales
/* Entidad por defecto */
set escape on;
Insert into ROLSAC2.RS2_ENTIDA (ENTI_CODIGO,ENTI_IDENTI,ENTI_ACTIVA,ENTI_ROLADE,ENTI_ROLADC,ENTI_ROLGES,ENTI_ROLINF,ENTI_LOGO, ENTI_IDIPER, ENTI_IDIDEF, ENTI_IDIOBL) values (RS2_ENTIDA_SEQ.NEXTVAL ,'GOIB','1','ROLADE','ROLADC','ROLGES','ROLINF',null, 'es;ca;', 'ca', 'es;ca;');

Insert into ROLSAC2.RS2_TRAENT (TREN_CODIGO,TREN_CODENT,TREN_IDIOMA,TREN_DESCRI, TREN_LOPDFI, TREN_LOPDDS, TREN_LOPDDR, TREN_UACOMU) values (RS2_TRAENT_SEQ.NEXTVAL,RS2_ENTIDA_SEQ.CURRVAL,'es','GOIB descenti es','Tramitació del procediment','El destinatari de la lopd','El dret de la lopd','Responsable lopd común');
Insert into ROLSAC2.RS2_TRAENT (TREN_CODIGO,TREN_CODENT,TREN_IDIOMA,TREN_DESCRI, TREN_LOPDFI, TREN_LOPDDS, TREN_LOPDDR, TREN_UACOMU) values (RS2_TRAENT_SEQ.NEXTVAL,RS2_ENTIDA_SEQ.CURRVAL,'ca','GOIB descenti ca','Tramitación del procedimiento','El destinatario de la lopd','El derecho de la lopd','Responsable lopd comú');


/*Usuario por defecto*/
Insert into ROLSAC2.RS2_USER (USER_CODIGO,USER_USER, USER_NOMBRE, USER_EMAIL) values (RS2_USER_SEQ.NEXTVAL,'rolsac2', 'nom usuari', 'rolsac2@info.com');
Insert into ROLSAC2.RS2_TRAUSER (TRUS_CODIGO, TRUS_CODUS, TRUS_IDIOMA, TRUS_OBSER) values (RS2_TRAUSER_SEQ.NEXTVAL, RS2_USER_SEQ.CURRVAL, 'es', 'Observaciones ES');
Insert into ROLSAC2.RS2_TRAUSER (TRUS_CODIGO, TRUS_CODUS, TRUS_IDIOMA, TRUS_OBSER) values (RS2_TRAUSER_SEQ.NEXTVAL, RS2_USER_SEQ.CURRVAL, 'ca', 'Observaciones CA');

/*UA por defecto*/
Insert into ROLSAC2.RS2_UNIADM (UNAD_CODIGO,UNAD_CODENTI,UNAD_TIPOUA,UNAD_UNADPADRE,UNAD_DIR3,UNAD_IDENTI,UNAD_TFNO,UNAD_FAX,UNAD_EMAIL,UNAD_DOMINI,UNAD_RSPNOM,UNAD_RSPSEX,UNAD_RSPEMA,UNAD_ORDEN,UNAD_VERSION)
values (RS2_UNIADM_SEQ.NEXTVAL,RS2_ENTIDA_SEQ.CURRVAL,null,null,'A04003003',null,null,null,null,null,null,null,null,'1','1');
Insert into ROLSAC2.RS2_TRAUNAD (TRUA_CODIGO,TRUA_CODUNAD,TRUA_IDIOMA,TRUA_NOMBRE,TRUA_PRESEN,TRUA_URLWEB,TRUA_ABREVI,TRUA_RSPCV) values (RS2_TRAUNAD_SEQ.NEXTVAL,RS2_UNIADM_SEQ.CURRVAL,'es','Gobierno de las Islas Baleares',null,null,null, EMPTY_CLOB());
Insert into ROLSAC2.RS2_TRAUNAD (TRUA_CODIGO,TRUA_CODUNAD,TRUA_IDIOMA,TRUA_NOMBRE,TRUA_PRESEN,TRUA_URLWEB,TRUA_ABREVI,TRUA_RSPCV) values (RS2_TRAUNAD_SEQ.NEXTVAL,RS2_UNIADM_SEQ.CURRVAL,'ca','Govern de les Illes Balears',null,null,null, EMPTY_CLOB());

Insert into ROLSAC2.RS2_USERUA (UAUS_CODUSER,UAUS_CODUA) values (RS2_USER_SEQ.CURRVAL,RS2_UNIADM_SEQ.CURRVAL);
Insert into ROLSAC2.RS2_USENTI (USEN_CODUSER,USEN_CODENTI) values (RS2_USER_SEQ.CURRVAL,RS2_ENTIDA_SEQ.CURRVAL);

Insert into ROLSAC2.RS2_PLUGIN (PLUG_CODIGO, PLUG_CODENTI, PLUG_DESC, PLUG_CLASSNAME, PLUG_PROPS, PLUG_PREPRO, PLUG_TIPO)
VALUES (RS2_PLUGIN_SEQ.NEXTVAL, RS2_ENTIDA_SEQ.CURRVAL, 'Plugin de boletín', 'es.caib.rolsac2.commons.plugins.boletin.eboib.EboibPlugin',
        '[{"codigo":"eboibUrl","valor":"https://www.caib.es/eboibfront/","orden":null}, {"codigo":"tipoBoletin","valor":"1","orden":null}]',
        'pluginsib.boletin.eboib.', 'BOL');

Insert into ROLSAC2.RS2_PLUGIN (PLUG_CODIGO, PLUG_CODENTI, PLUG_DESC, PLUG_CLASSNAME, PLUG_PROPS, PLUG_PREPRO, PLUG_TIPO)
VALUES (RS2_PLUGIN_SEQ.NEXTVAL, RS2_ENTIDA_SEQ.CURRVAL, 'Plugin de traducción', 'es.caib.rolsac2.commons.plugins.traduccion.translatorib.TranslatorIBPlugin',
        '[{"codigo":"url","valor":"https://dev.caib.es/translatorib/api/services/traduccion/v1","orden":null},{"codigo":"usr","valor":"api-tib","orden":null},{"codigo":"pwd","valor":"XXXXXX","orden":null}]',
        'pluginsib.traduccion.translatorib.', 'TRA');

Insert into ROLSAC2.RS2_PLUGIN (PLUG_CODIGO, PLUG_CODENTI, PLUG_DESC, PLUG_CLASSNAME, PLUG_PROPS, PLUG_PREPRO, PLUG_TIPO)
VALUES (RS2_PLUGIN_SEQ.NEXTVAL, RS2_ENTIDA_SEQ.CURRVAL, 'Plugin de consulta al API REST DIR3CAIB', 'es.caib.rolsac2.commons.plugins.dir3.caib.Dir3CaibRestPlugin',
        '[{"codigo":"url","valor":"https://dev.caib.es/dir3caib/rest","orden":null},{"codigo":"usr","valor":"$sistra_dir3caib","orden":null},{"codigo":"pwd","valor":"sistra_dir3caib","orden":null}]',
        'es.caib.rolsac2.pluginsib.dir3.caib.', 'DI3');

Insert into ROLSAC2.RS2_PLUGIN (PLUG_CODIGO, PLUG_CODENTI, PLUG_DESC, PLUG_CLASSNAME, PLUG_PROPS, PLUG_PREPRO, PLUG_TIPO)
VALUES (RS2_PLUGIN_SEQ.NEXTVAL, RS2_ENTIDA_SEQ.CURRVAL, 'Plugin de indexacion sia', 'es.caib.rolsac2.commons.plugins.sia.sia.SiaWSPlugin',
        '[{"codigo":"url","valor":"http://pre-sia2.redsara.es/axis2/services/wsSIAActualizarActuaciones","orden":null}]',
        'pluginsib.indexacion.sia.', 'SIA');

Insert into ROLSAC2.RS2_PLUGIN (PLUG_CODIGO, PLUG_CODENTI, PLUG_DESC, PLUG_CLASSNAME, PLUG_PROPS, PLUG_PREPRO, PLUG_TIPO)
VALUES (RS2_PLUGIN_SEQ.NEXTVAL, RS2_ENTIDA_SEQ.CURRVAL, 'Plugin de envío de email', 'es.caib.rolsac2.commons.plugins.email.emailSmtp.EmailSmtpPlugin',
        '[{"codigo":"jndi","valor":"es.caib.rolsac2.mail","orden":null}]',
        'pluginsib.email.smtp.', 'EMA');

/** Inserción de procesos automáticos **/
insert into ROLSAC2.RS2_PROCES (PROCES_CODIGO, PROCES_CODENTI, PROCES_IDENTI, PROCES_DESCRI, proces_cron, proces_activo, proces_params) VALUES (RS2_PROCES_SEQ.NEXTVAL, RS2_ENTIDA_SEQ.CURRVAL, 'TEST', 'Proceso de prueba', null, 1, '[{"codigo":"valida","valor":"true"}]');
insert into ROLSAC2.RS2_PROCEX (procex_codigo, procex_instan, procex_fecha) VALUES ('MAESTRO', 'XXXX', to_date('1998/05/31:12:00:00AM', 'yyyy/mm/dd:hh:mi:ssam'));
insert into ROLSAC2.RS2_PROCES (PROCES_CODIGO, PROCES_CODENTI, PROCES_IDENTI, PROCES_DESCRI, proces_cron, proces_activo, proces_params) VALUES (RS2_PROCES_SEQ.NEXTVAL, RS2_ENTIDA_SEQ.CURRVAL, 'SIA_PUNT', 'Proceso de lanzamiento puntual SIA', null, 1, '[{"codigo":"valida","valor":"true"}]');
insert into ROLSAC2.RS2_PROCES (PROCES_CODIGO, PROCES_CODENTI, PROCES_IDENTI, PROCES_DESCRI, proces_cron, proces_activo, proces_params) VALUES (RS2_PROCES_SEQ.NEXTVAL, RS2_ENTIDA_SEQ.CURRVAL, 'SOLR_PUNT', 'Proceso  de lanzamiento puntual SOLR', null, 1, '[{"codigo":"valida","valor":"true"}]');
insert into ROLSAC2.RS2_PROCES (PROCES_CODIGO, PROCES_CODENTI, PROCES_IDENTI, PROCES_DESCRI, proces_cron, proces_activo, proces_params) VALUES (RS2_PROCES_SEQ.NEXTVAL, RS2_ENTIDA_SEQ.CURRVAL, 'MIGRA_PUNT', 'Proceso  de lanzamiento puntual MIGRACION', null, 1, '[{"codigo":"valida","valor":"true"}]');
Insert into ROLSAC2.RS2_PROCES (PROCES_CODIGO,PROCES_CODENTI,PROCES_IDENTI,PROCES_DESCRI,PROCES_CRON,PROCES_ACTIVO,PROCES_PARAMS)
values (RS2_PROCES_SEQ.NEXTVAL,RS2_ENTIDA_SEQ.CURRVAL,'DIR3','Proceso automático para la sincronización del organigrama DIR3','0 0 23 */7 * *','1',
        '[{"codigo":"codigoDir3","valor":"A04003003","orden":null},{"codigo":"denominacionCooficial","valor":"false","orden":null}]');

/** Los 3 tipos de publico objetivo basico y entidad que son 1.Ciudadano 2.Empresa 3.Administración . **/
INSERT INTO ROLSAC2.RS2_TIPOPUB(TPPO_CODIGO, TPPO_IDENTI, TPPO_EMPPUB)
VALUES (RS2_TIPOPUB_SEQ.NEXTVAL, 'CIUDADANO', 0);
INSERT INTO ROLSAC2.RS2_TRATPPO(TRTP_CODIGO, TRTP_CODTPPO, TRTP_IDIOMA, TRTP_DESCRI)
VALUES (RS2_TRATPPO_SEQ.NEXTVAL, RS2_TIPOPUB_SEQ.CURRVAL, 'es','Ciudadano');
INSERT INTO ROLSAC2.RS2_TRATPPO(TRTP_CODIGO, TRTP_CODTPPO, TRTP_IDIOMA, TRTP_DESCRI)
VALUES (RS2_TRATPPO_SEQ.NEXTVAL, RS2_TIPOPUB_SEQ.CURRVAL, 'ca','Ciutadà');

INSERT INTO ROLSAC2.RS2_TIPOSPU(TPSP_CODIGO, TPSP_CODENTI, TPSP_CODTPPO,TPSP_IDENTI)
VALUES (200,RS2_ENTIDA_SEQ.CURRVAL,RS2_TIPOPUB_SEQ.CURRVAL, 'CIUDADANO');
INSERT INTO ROLSAC2.RS2_TRATPSP(TRSP_CODIGO, TRSP_CODTPSP, TRSP_IDIOMA, TRSP_DESCR)
VALUES (RS2_TRATPSP_SEQ.NEXTVAL, 200, 'es','Ciudadano');
INSERT INTO ROLSAC2.RS2_TRATPSP(TRSP_CODIGO, TRSP_CODTPSP, TRSP_IDIOMA, TRSP_DESCR)
VALUES (RS2_TRATPSP_SEQ.NEXTVAL, 200, 'ca','Ciutadà');

INSERT INTO ROLSAC2.RS2_TIPOPUB(TPPO_CODIGO, TPPO_IDENTI, TPPO_EMPPUB)
VALUES (RS2_TIPOPUB_SEQ.NEXTVAL, 'EMPRESAS', 0);
INSERT INTO ROLSAC2.RS2_TRATPPO(TRTP_CODIGO, TRTP_CODTPPO, TRTP_IDIOMA, TRTP_DESCRI)
VALUES (RS2_TRATPPO_SEQ.NEXTVAL, RS2_TIPOPUB_SEQ.CURRVAL, 'es','Empresas');
INSERT INTO ROLSAC2.RS2_TRATPPO(TRTP_CODIGO, TRTP_CODTPPO, TRTP_IDIOMA, TRTP_DESCRI)
VALUES (RS2_TRATPPO_SEQ.NEXTVAL, RS2_TIPOPUB_SEQ.CURRVAL, 'ca','Empreses');

INSERT INTO ROLSAC2.RS2_TIPOSPU(TPSP_CODIGO, TPSP_CODENTI, TPSP_CODTPPO,TPSP_IDENTI)
VALUES (201,RS2_ENTIDA_SEQ.CURRVAL,RS2_TIPOPUB_SEQ.CURRVAL, 'EMPRESA');
INSERT INTO ROLSAC2.RS2_TRATPSP(TRSP_CODIGO, TRSP_CODTPSP, TRSP_IDIOMA, TRSP_DESCR)
VALUES (RS2_TRATPSP_SEQ.NEXTVAL, 201, 'es','Empreses');
INSERT INTO ROLSAC2.RS2_TRATPSP(TRSP_CODIGO, TRSP_CODTPSP, TRSP_IDIOMA, TRSP_DESCR)
VALUES (RS2_TRATPSP_SEQ.NEXTVAL, 201, 'ca','Empresas');

INSERT INTO ROLSAC2.RS2_TIPOPUB(TPPO_CODIGO, TPPO_IDENTI, TPPO_EMPPUB)
VALUES (RS2_TIPOPUB_SEQ.NEXTVAL, 'ADMINISTRACION', 0);
INSERT INTO ROLSAC2.RS2_TRATPPO(TRTP_CODIGO, TRTP_CODTPPO, TRTP_IDIOMA, TRTP_DESCRI)
VALUES (RS2_TRATPPO_SEQ.NEXTVAL, RS2_TIPOPUB_SEQ.CURRVAL, 'es','Administraciones');
INSERT INTO ROLSAC2.RS2_TRATPPO(TRTP_CODIGO, TRTP_CODTPPO, TRTP_IDIOMA, TRTP_DESCRI)
VALUES (RS2_TRATPPO_SEQ.NEXTVAL, RS2_TIPOPUB_SEQ.CURRVAL, 'ca','Administracions');

INSERT INTO ROLSAC2.RS2_TIPOSPU(TPSP_CODIGO, TPSP_CODENTI, TPSP_CODTPPO,TPSP_IDENTI)
VALUES (202,RS2_ENTIDA_SEQ.CURRVAL,RS2_TIPOPUB_SEQ.CURRVAL, 'ADMINISTRACION');
INSERT INTO ROLSAC2.RS2_TRATPSP(TRSP_CODIGO, TRSP_CODTPSP, TRSP_IDIOMA, TRSP_DESCR)
VALUES (RS2_TRATPSP_SEQ.NEXTVAL, 202, 'es','Administraciones');
INSERT INTO ROLSAC2.RS2_TRATPSP(TRSP_CODIGO, TRSP_CODTPSP, TRSP_IDIOMA, TRSP_DESCR)
VALUES (RS2_TRATPSP_SEQ.NEXTVAL, 202, 'ca','Administracions');

INSERT INTO ROLSAC2.RS2_TIPOPUB(TPPO_CODIGO, TPPO_IDENTI, TPPO_EMPPUB)
VALUES (RS2_TIPOPUB_SEQ.NEXTVAL, 'EMPLEOPUBLICO', 0);
INSERT INTO ROLSAC2.RS2_TRATPPO(TRTP_CODIGO, TRTP_CODTPPO, TRTP_IDIOMA, TRTP_DESCRI)
VALUES (RS2_TRATPPO_SEQ.NEXTVAL, RS2_TIPOPUB_SEQ.CURRVAL, 'es','Empleo público');
INSERT INTO ROLSAC2.RS2_TRATPPO(TRTP_CODIGO, TRTP_CODTPPO, TRTP_IDIOMA, TRTP_DESCRI)
VALUES (RS2_TRATPPO_SEQ.NEXTVAL, RS2_TIPOPUB_SEQ.CURRVAL, 'ca','Empleat públic');

INSERT INTO ROLSAC2.RS2_TIPOSPU(TPSP_CODIGO, TPSP_CODENTI, TPSP_CODTPPO,TPSP_IDENTI)
VALUES (2745849,RS2_ENTIDA_SEQ.CURRVAL,RS2_TIPOPUB_SEQ.CURRVAL, 'EMPLEOPUBLICO');
INSERT INTO ROLSAC2.RS2_TRATPSP(TRSP_CODIGO, TRSP_CODTPSP, TRSP_IDIOMA, TRSP_DESCR)
VALUES (RS2_TRATPSP_SEQ.NEXTVAL, 2745849, 'es','Empleo público');
INSERT INTO ROLSAC2.RS2_TRATPSP(TRSP_CODIGO, TRSP_CODTPSP, TRSP_IDIOMA, TRSP_DESCR)
VALUES (RS2_TRATPSP_SEQ.NEXTVAL, 2745849, 'ca','Empleat públic');

/** Las materias cogiendo de la tabla ROLSAC1 RSC_SIAMAT **/
INSERT INTO ROLSAC2.RS2_TIPOMSI(TPMS_CODIGO, TPMS_IDENTI, TPMS_CODSIA)
VALUES (RS2_TIPOMSI_SEQ.NEXTVAL, 'AGRICULTURA_PESCA', 21);
INSERT INTO ROLSAC2.RS2_TRATPMS(TRTI_CODIGO, TRTI_CODTPMS, TRTI_IDIOMA, TRTI_DESCRI)
VALUES (RS2_TRATPMS_SEQ.NEXTVAL, RS2_TIPOMSI_SEQ.CURRVAL, 'es', 'Agricultura, Ganadería; Pesca y Alimentación');
INSERT INTO ROLSAC2.RS2_TRATPMS(TRTI_CODIGO, TRTI_CODTPMS, TRTI_IDIOMA, TRTI_DESCRI)
VALUES (RS2_TRATPMS_SEQ.NEXTVAL, RS2_TIPOMSI_SEQ.CURRVAL, 'ca', 'Agricultura, Ramaderia; Pesca i Alimentació');

INSERT INTO ROLSAC2.RS2_TIPOMSI(TPMS_CODIGO, TPMS_IDENTI, TPMS_CODSIA)
VALUES (RS2_TIPOMSI_SEQ.NEXTVAL, 'BECAS_AYUDAS_PREM', 22);
INSERT INTO ROLSAC2.RS2_TRATPMS(TRTI_CODIGO, TRTI_CODTPMS, TRTI_IDIOMA, TRTI_DESCRI)
VALUES (RS2_TRATPMS_SEQ.NEXTVAL, RS2_TIPOMSI_SEQ.CURRVAL, 'es', 'Becas, Ayudas y Premios');
INSERT INTO ROLSAC2.RS2_TRATPMS(TRTI_CODIGO, TRTI_CODTPMS, TRTI_IDIOMA, TRTI_DESCRI)
VALUES (RS2_TRATPMS_SEQ.NEXTVAL, RS2_TIPOMSI_SEQ.CURRVAL, 'ca', 'Beques, Ajudes i Premis');

INSERT INTO ROLSAC2.RS2_TIPOMSI(TPMS_CODIGO, TPMS_IDENTI, TPMS_CODSIA)
VALUES (RS2_TIPOMSI_SEQ.NEXTVAL, 'CONSUM', 23);
INSERT INTO ROLSAC2.RS2_TRATPMS(TRTI_CODIGO, TRTI_CODTPMS, TRTI_IDIOMA, TRTI_DESCRI)
VALUES (RS2_TRATPMS_SEQ.NEXTVAL, RS2_TIPOMSI_SEQ.CURRVAL, 'es', 'Consumo');
INSERT INTO ROLSAC2.RS2_TRATPMS(TRTI_CODIGO, TRTI_CODTPMS, TRTI_IDIOMA, TRTI_DESCRI)
VALUES (RS2_TRATPMS_SEQ.NEXTVAL, RS2_TIPOMSI_SEQ.CURRVAL, 'ca', 'Consum');

INSERT INTO ROLSAC2.RS2_TIPOMSI(TPMS_CODIGO, TPMS_IDENTI, TPMS_CODSIA)
VALUES (RS2_TIPOMSI_SEQ.NEXTVAL, 'ECONOMIA_PATRIMONIO', 26);
INSERT INTO ROLSAC2.RS2_TRATPMS(TRTI_CODIGO, TRTI_CODTPMS, TRTI_IDIOMA, TRTI_DESCRI)
VALUES (RS2_TRATPMS_SEQ.NEXTVAL, RS2_TIPOMSI_SEQ.CURRVAL, 'es', 'Economía y Patrimonio del Estado');
INSERT INTO ROLSAC2.RS2_TRATPMS(TRTI_CODIGO, TRTI_CODTPMS, TRTI_IDIOMA, TRTI_DESCRI)
VALUES (RS2_TRATPMS_SEQ.NEXTVAL, RS2_TIPOMSI_SEQ.CURRVAL, 'ca', 'Economia i Patrimoni de lEstat');

INSERT INTO ROLSAC2.RS2_TIPOMSI(TPMS_CODIGO, TPMS_IDENTI, TPMS_CODSIA)
VALUES (RS2_TIPOMSI_SEQ.NEXTVAL, 'EDUCACION_FORMACION', 27);
INSERT INTO ROLSAC2.RS2_TRATPMS(TRTI_CODIGO, TRTI_CODTPMS, TRTI_IDIOMA, TRTI_DESCRI)
VALUES (RS2_TRATPMS_SEQ.NEXTVAL, RS2_TIPOMSI_SEQ.CURRVAL, 'es', 'Educación y formación');
INSERT INTO ROLSAC2.RS2_TRATPMS(TRTI_CODIGO, TRTI_CODTPMS, TRTI_IDIOMA, TRTI_DESCRI)
VALUES (RS2_TRATPMS_SEQ.NEXTVAL, RS2_TIPOMSI_SEQ.CURRVAL, 'ca', 'Educació i formació');

INSERT INTO ROLSAC2.RS2_TIPOMSI(TPMS_CODIGO, TPMS_IDENTI, TPMS_CODSIA)
VALUES (RS2_TIPOMSI_SEQ.NEXTVAL, 'EMPRESES', 28);
INSERT INTO ROLSAC2.RS2_TRATPMS(TRTI_CODIGO, TRTI_CODTPMS, TRTI_IDIOMA, TRTI_DESCRI)
VALUES (RS2_TRATPMS_SEQ.NEXTVAL, RS2_TIPOMSI_SEQ.CURRVAL, 'es', 'Empresas');
INSERT INTO ROLSAC2.RS2_TRATPMS(TRTI_CODIGO, TRTI_CODTPMS, TRTI_IDIOMA, TRTI_DESCRI)
VALUES (RS2_TRATPMS_SEQ.NEXTVAL, RS2_TIPOMSI_SEQ.CURRVAL, 'ca', 'Empreses');

INSERT INTO ROLSAC2.RS2_TIPOMSI(TPMS_CODIGO, TPMS_IDENTI, TPMS_CODSIA)
VALUES (RS2_TIPOMSI_SEQ.NEXTVAL, 'ENERGIA_INDUSTRIAS', 29);
INSERT INTO ROLSAC2.RS2_TRATPMS(TRTI_CODIGO, TRTI_CODTPMS, TRTI_IDIOMA, TRTI_DESCRI)
VALUES (RS2_TRATPMS_SEQ.NEXTVAL, RS2_TIPOMSI_SEQ.CURRVAL, 'es', 'Energía e Industria');
INSERT INTO ROLSAC2.RS2_TRATPMS(TRTI_CODIGO, TRTI_CODTPMS, TRTI_IDIOMA, TRTI_DESCRI)
VALUES (RS2_TRATPMS_SEQ.NEXTVAL, RS2_TIPOMSI_SEQ.CURRVAL, 'ca', 'Energia i Indústria');

INSERT INTO ROLSAC2.RS2_TIPOMSI(TPMS_CODIGO, TPMS_IDENTI, TPMS_CODSIA)
VALUES (RS2_TIPOMSI_SEQ.NEXTVAL, 'IMPUESTOS_OTROS', 30);
INSERT INTO ROLSAC2.RS2_TRATPMS(TRTI_CODIGO, TRTI_CODTPMS, TRTI_IDIOMA, TRTI_DESCRI)
VALUES (RS2_TRATPMS_SEQ.NEXTVAL, RS2_TIPOMSI_SEQ.CURRVAL, 'es', 'Impuestos y otros tributos');
INSERT INTO ROLSAC2.RS2_TRATPMS(TRTI_CODIGO, TRTI_CODTPMS, TRTI_IDIOMA, TRTI_DESCRI)
VALUES (RS2_TRATPMS_SEQ.NEXTVAL, RS2_TIPOMSI_SEQ.CURRVAL, 'ca', 'Imposats i altres tributs');

INSERT INTO ROLSAC2.RS2_TIPOMSI(TPMS_CODIGO, TPMS_IDENTI, TPMS_CODSIA)
VALUES (RS2_TIPOMSI_SEQ.NEXTVAL, 'JUSTICIA', 31);
INSERT INTO ROLSAC2.RS2_TRATPMS(TRTI_CODIGO, TRTI_CODTPMS, TRTI_IDIOMA, TRTI_DESCRI)
VALUES (RS2_TRATPMS_SEQ.NEXTVAL, RS2_TIPOMSI_SEQ.CURRVAL, 'es', 'Justicia');
INSERT INTO ROLSAC2.RS2_TRATPMS(TRTI_CODIGO, TRTI_CODTPMS, TRTI_IDIOMA, TRTI_DESCRI)
VALUES (RS2_TRATPMS_SEQ.NEXTVAL, RS2_TIPOMSI_SEQ.CURRVAL, 'ca', 'Justicia');

INSERT INTO ROLSAC2.RS2_TIPOMSI(TPMS_CODIGO, TPMS_IDENTI, TPMS_CODSIA)
VALUES (RS2_TIPOMSI_SEQ.NEXTVAL, 'MEDIO_AMBIENTE', 32);
INSERT INTO ROLSAC2.RS2_TRATPMS(TRTI_CODIGO, TRTI_CODTPMS, TRTI_IDIOMA, TRTI_DESCRI)
VALUES (RS2_TRATPMS_SEQ.NEXTVAL, RS2_TIPOMSI_SEQ.CURRVAL, 'es', 'Medio Ambiente');
INSERT INTO ROLSAC2.RS2_TRATPMS(TRTI_CODIGO, TRTI_CODTPMS, TRTI_IDIOMA, TRTI_DESCRI)
VALUES (RS2_TRATPMS_SEQ.NEXTVAL, RS2_TIPOMSI_SEQ.CURRVAL, 'ca', 'Medi Ambient');

INSERT INTO ROLSAC2.RS2_TIPOMSI(TPMS_CODIGO, TPMS_IDENTI, TPMS_CODSIA)
VALUES (RS2_TIPOMSI_SEQ.NEXTVAL, 'PENSIONES', 33);
INSERT INTO ROLSAC2.RS2_TRATPMS(TRTI_CODIGO, TRTI_CODTPMS, TRTI_IDIOMA, TRTI_DESCRI)
VALUES (RS2_TRATPMS_SEQ.NEXTVAL, RS2_TIPOMSI_SEQ.CURRVAL, 'es', 'Pensiones');
INSERT INTO ROLSAC2.RS2_TRATPMS(TRTI_CODIGO, TRTI_CODTPMS, TRTI_IDIOMA, TRTI_DESCRI)
VALUES (RS2_TRATPMS_SEQ.NEXTVAL, RS2_TIPOMSI_SEQ.CURRVAL, 'ca', 'Pensions');

INSERT INTO ROLSAC2.RS2_TIPOMSI(TPMS_CODIGO, TPMS_IDENTI, TPMS_CODSIA)
VALUES (RS2_TIPOMSI_SEQ.NEXTVAL, 'RELACIONES_ADMIN', 34);
INSERT INTO ROLSAC2.RS2_TRATPMS(TRTI_CODIGO, TRTI_CODTPMS, TRTI_IDIOMA, TRTI_DESCRI)
VALUES (RS2_TRATPMS_SEQ.NEXTVAL, RS2_TIPOMSI_SEQ.CURRVAL, 'es', 'Relaciones con la Administración ');
INSERT INTO ROLSAC2.RS2_TRATPMS(TRTI_CODIGO, TRTI_CODTPMS, TRTI_IDIOMA, TRTI_DESCRI)
VALUES (RS2_TRATPMS_SEQ.NEXTVAL, RS2_TIPOMSI_SEQ.CURRVAL, 'ca', 'Relacions amb lAdministració ');

INSERT INTO ROLSAC2.RS2_TIPOMSI(TPMS_CODIGO, TPMS_IDENTI, TPMS_CODSIA)
VALUES (RS2_TIPOMSI_SEQ.NEXTVAL, 'SALUD', 35);
INSERT INTO ROLSAC2.RS2_TRATPMS(TRTI_CODIGO, TRTI_CODTPMS, TRTI_IDIOMA, TRTI_DESCRI)
VALUES (RS2_TRATPMS_SEQ.NEXTVAL, RS2_TIPOMSI_SEQ.CURRVAL, 'es', 'Salud ');
INSERT INTO ROLSAC2.RS2_TRATPMS(TRTI_CODIGO, TRTI_CODTPMS, TRTI_IDIOMA, TRTI_DESCRI)
VALUES (RS2_TRATPMS_SEQ.NEXTVAL, RS2_TIPOMSI_SEQ.CURRVAL, 'ca', 'Salut ');

INSERT INTO ROLSAC2.RS2_TIPOMSI(TPMS_CODIGO, TPMS_IDENTI, TPMS_CODSIA)
VALUES (RS2_TIPOMSI_SEQ.NEXTVAL, 'EMPLEO_SEGSOCIAL', 37);
INSERT INTO ROLSAC2.RS2_TRATPMS(TRTI_CODIGO, TRTI_CODTPMS, TRTI_IDIOMA, TRTI_DESCRI)
VALUES (RS2_TRATPMS_SEQ.NEXTVAL, RS2_TIPOMSI_SEQ.CURRVAL, 'es', 'Empleo y Seguridad social');
INSERT INTO ROLSAC2.RS2_TRATPMS(TRTI_CODIGO, TRTI_CODTPMS, TRTI_IDIOMA, TRTI_DESCRI)
VALUES (RS2_TRATPMS_SEQ.NEXTVAL, RS2_TIPOMSI_SEQ.CURRVAL, 'ca', 'Ocupació i Seguretat social');

INSERT INTO ROLSAC2.RS2_TIPOMSI(TPMS_CODIGO, TPMS_IDENTI, TPMS_CODSIA)
VALUES (RS2_TIPOMSI_SEQ.NEXTVAL, 'TRAFICO_TRANSPORTES', 38);
INSERT INTO ROLSAC2.RS2_TRATPMS(TRTI_CODIGO, TRTI_CODTPMS, TRTI_IDIOMA, TRTI_DESCRI)
VALUES (RS2_TRATPMS_SEQ.NEXTVAL, RS2_TIPOMSI_SEQ.CURRVAL, 'es', 'Tráfico y Transportes');
INSERT INTO ROLSAC2.RS2_TRATPMS(TRTI_CODIGO, TRTI_CODTPMS, TRTI_IDIOMA, TRTI_DESCRI)
VALUES (RS2_TRATPMS_SEQ.NEXTVAL, RS2_TIPOMSI_SEQ.CURRVAL, 'ca', 'Trànsit i Transports');

INSERT INTO ROLSAC2.RS2_TIPOMSI(TPMS_CODIGO, TPMS_IDENTI, TPMS_CODSIA)
VALUES (RS2_TIPOMSI_SEQ.NEXTVAL, 'VIVIENDA_URBANISMO', 39);
INSERT INTO ROLSAC2.RS2_TRATPMS(TRTI_CODIGO, TRTI_CODTPMS, TRTI_IDIOMA, TRTI_DESCRI)
VALUES (RS2_TRATPMS_SEQ.NEXTVAL, RS2_TIPOMSI_SEQ.CURRVAL, 'es', 'Vivienda y Urbanismo');
INSERT INTO ROLSAC2.RS2_TRATPMS(TRTI_CODIGO, TRTI_CODTPMS, TRTI_IDIOMA, TRTI_DESCRI)
VALUES (RS2_TRATPMS_SEQ.NEXTVAL, RS2_TIPOMSI_SEQ.CURRVAL, 'ca', 'Habitatge i Urbanisme');

INSERT INTO ROLSAC2.RS2_TIPOMSI(TPMS_CODIGO, TPMS_IDENTI, TPMS_CODSIA)
VALUES (RS2_TIPOMSI_SEQ.NEXTVAL, 'ASOCIACIONES_FUNDACIONES', 40);
INSERT INTO ROLSAC2.RS2_TRATPMS(TRTI_CODIGO, TRTI_CODTPMS, TRTI_IDIOMA, TRTI_DESCRI)
VALUES (RS2_TRATPMS_SEQ.NEXTVAL, RS2_TIPOMSI_SEQ.CURRVAL, 'es', 'Asociaciones, Fundaciones y otras Entidades');
INSERT INTO ROLSAC2.RS2_TRATPMS(TRTI_CODIGO, TRTI_CODTPMS, TRTI_IDIOMA, TRTI_DESCRI)
VALUES (RS2_TRATPMS_SEQ.NEXTVAL, RS2_TIPOMSI_SEQ.CURRVAL, 'ca', 'Associacions, Fundacions i altres Entitats');

INSERT INTO ROLSAC2.RS2_TIPOMSI(TPMS_CODIGO, TPMS_IDENTI, TPMS_CODSIA)
VALUES (RS2_TIPOMSI_SEQ.NEXTVAL, 'ACCION_EXTERIOR', 41);
INSERT INTO ROLSAC2.RS2_TRATPMS(TRTI_CODIGO, TRTI_CODTPMS, TRTI_IDIOMA, TRTI_DESCRI)
VALUES (RS2_TRATPMS_SEQ.NEXTVAL, RS2_TIPOMSI_SEQ.CURRVAL, 'es', 'Acción exterior');
INSERT INTO ROLSAC2.RS2_TRATPMS(TRTI_CODIGO, TRTI_CODTPMS, TRTI_IDIOMA, TRTI_DESCRI)
VALUES (RS2_TRATPMS_SEQ.NEXTVAL, RS2_TIPOMSI_SEQ.CURRVAL, 'ca', 'Acció exterior');

INSERT INTO ROLSAC2.RS2_TIPOMSI(TPMS_CODIGO, TPMS_IDENTI, TPMS_CODSIA)
VALUES (RS2_TIPOMSI_SEQ.NEXTVAL, 'CULTURA', 42);
INSERT INTO ROLSAC2.RS2_TRATPMS(TRTI_CODIGO, TRTI_CODTPMS, TRTI_IDIOMA, TRTI_DESCRI)
VALUES (RS2_TRATPMS_SEQ.NEXTVAL, RS2_TIPOMSI_SEQ.CURRVAL, 'es', 'Cultura');
INSERT INTO ROLSAC2.RS2_TRATPMS(TRTI_CODIGO, TRTI_CODTPMS, TRTI_IDIOMA, TRTI_DESCRI)
VALUES (RS2_TRATPMS_SEQ.NEXTVAL, RS2_TIPOMSI_SEQ.CURRVAL, 'ca', 'Cultura');

INSERT INTO ROLSAC2.RS2_TIPOMSI(TPMS_CODIGO, TPMS_IDENTI, TPMS_CODSIA)
VALUES (RS2_TIPOMSI_SEQ.NEXTVAL, 'DEPORTES', 43);
INSERT INTO ROLSAC2.RS2_TRATPMS(TRTI_CODIGO, TRTI_CODTPMS, TRTI_IDIOMA, TRTI_DESCRI)
VALUES (RS2_TRATPMS_SEQ.NEXTVAL, RS2_TIPOMSI_SEQ.CURRVAL, 'es', 'Deportes');
INSERT INTO ROLSAC2.RS2_TRATPMS(TRTI_CODIGO, TRTI_CODTPMS, TRTI_IDIOMA, TRTI_DESCRI)
VALUES (RS2_TRATPMS_SEQ.NEXTVAL, RS2_TIPOMSI_SEQ.CURRVAL, 'ca', 'Deportes');

INSERT INTO ROLSAC2.RS2_TIPOMSI(TPMS_CODIGO, TPMS_IDENTI, TPMS_CODSIA)
VALUES (RS2_TIPOMSI_SEQ.NEXTVAL, 'CIUDADANIA_NACIONALIDAD', 44);
INSERT INTO ROLSAC2.RS2_TRATPMS(TRTI_CODIGO, TRTI_CODTPMS, TRTI_IDIOMA, TRTI_DESCRI)
VALUES (RS2_TRATPMS_SEQ.NEXTVAL, RS2_TIPOMSI_SEQ.CURRVAL, 'es', 'Ciudadanía y nacionalidad');
INSERT INTO ROLSAC2.RS2_TRATPMS(TRTI_CODIGO, TRTI_CODTPMS, TRTI_IDIOMA, TRTI_DESCRI)
VALUES (RS2_TRATPMS_SEQ.NEXTVAL, RS2_TIPOMSI_SEQ.CURRVAL, 'ca', 'Ciutadania i nacionalitat');

INSERT INTO ROLSAC2.RS2_TIPOMSI(TPMS_CODIGO, TPMS_IDENTI, TPMS_CODSIA)
VALUES (RS2_TIPOMSI_SEQ.NEXTVAL, 'ESTADISTICAS', 45);
INSERT INTO ROLSAC2.RS2_TRATPMS(TRTI_CODIGO, TRTI_CODTPMS, TRTI_IDIOMA, TRTI_DESCRI)
VALUES (RS2_TRATPMS_SEQ.NEXTVAL, RS2_TIPOMSI_SEQ.CURRVAL, 'es', 'Estadísticas');
INSERT INTO ROLSAC2.RS2_TRATPMS(TRTI_CODIGO, TRTI_CODTPMS, TRTI_IDIOMA, TRTI_DESCRI)
VALUES (RS2_TRATPMS_SEQ.NEXTVAL, RS2_TIPOMSI_SEQ.CURRVAL, 'ca', 'Estadístiques');

INSERT INTO ROLSAC2.RS2_TIPOMSI(TPMS_CODIGO, TPMS_IDENTI, TPMS_CODSIA)
VALUES (RS2_TIPOMSI_SEQ.NEXTVAL, 'PARTICIPACION_CIUDADANA', 46);
INSERT INTO ROLSAC2.RS2_TRATPMS(TRTI_CODIGO, TRTI_CODTPMS, TRTI_IDIOMA, TRTI_DESCRI)
VALUES (RS2_TRATPMS_SEQ.NEXTVAL, RS2_TIPOMSI_SEQ.CURRVAL, 'es', 'Participación e iniciativa ciudadana');
INSERT INTO ROLSAC2.RS2_TRATPMS(TRTI_CODIGO, TRTI_CODTPMS, TRTI_IDIOMA, TRTI_DESCRI)
VALUES (RS2_TRATPMS_SEQ.NEXTVAL, RS2_TIPOMSI_SEQ.CURRVAL, 'ca', 'Participació i iniciativa ciutadana');

INSERT INTO ROLSAC2.RS2_TIPOMSI(TPMS_CODIGO, TPMS_IDENTI, TPMS_CODSIA)
VALUES (RS2_TIPOMSI_SEQ.NEXTVAL, 'PROTECCION_CIVIL', 47);
INSERT INTO ROLSAC2.RS2_TRATPMS(TRTI_CODIGO, TRTI_CODTPMS, TRTI_IDIOMA, TRTI_DESCRI)
VALUES (RS2_TRATPMS_SEQ.NEXTVAL, RS2_TIPOMSI_SEQ.CURRVAL, 'es', 'Protección Civil, Seguridad Ciudadana y Defensa Nacional');
INSERT INTO ROLSAC2.RS2_TRATPMS(TRTI_CODIGO, TRTI_CODTPMS, TRTI_IDIOMA, TRTI_DESCRI)
VALUES (RS2_TRATPMS_SEQ.NEXTVAL, RS2_TIPOMSI_SEQ.CURRVAL, 'ca', 'Protecció Civil, Seguretat Ciutadana i Defensa Nacional');

INSERT INTO ROLSAC2.RS2_TIPOMSI(TPMS_CODIGO, TPMS_IDENTI, TPMS_CODSIA)
VALUES (RS2_TIPOMSI_SEQ.NEXTVAL, 'RELACIONES_ADMINSTRACIONES', 48);
INSERT INTO ROLSAC2.RS2_TRATPMS(TRTI_CODIGO, TRTI_CODTPMS, TRTI_IDIOMA, TRTI_DESCRI)
VALUES (RS2_TRATPMS_SEQ.NEXTVAL, RS2_TIPOMSI_SEQ.CURRVAL, 'es', 'Relaciones entre Administraciones Públicas');
INSERT INTO ROLSAC2.RS2_TRATPMS(TRTI_CODIGO, TRTI_CODTPMS, TRTI_IDIOMA, TRTI_DESCRI)
VALUES (RS2_TRATPMS_SEQ.NEXTVAL, RS2_TIPOMSI_SEQ.CURRVAL, 'ca', 'Relacions entre Administracions Públiques');

INSERT INTO ROLSAC2.RS2_TIPOMSI(TPMS_CODIGO, TPMS_IDENTI, TPMS_CODSIA)
VALUES (RS2_TIPOMSI_SEQ.NEXTVAL, 'TECNOLOGIA_INVESTIGACION', 49);
INSERT INTO ROLSAC2.RS2_TRATPMS(TRTI_CODIGO, TRTI_CODTPMS, TRTI_IDIOMA, TRTI_DESCRI)
VALUES (RS2_TRATPMS_SEQ.NEXTVAL, RS2_TIPOMSI_SEQ.CURRVAL, 'es', 'Tecnología, Investigación  e Innovación');
INSERT INTO ROLSAC2.RS2_TRATPMS(TRTI_CODIGO, TRTI_CODTPMS, TRTI_IDIOMA, TRTI_DESCRI)
VALUES (RS2_TRATPMS_SEQ.NEXTVAL, RS2_TIPOMSI_SEQ.CURRVAL, 'ca', 'Tecnologia, Recerca i Innovació');

INSERT INTO ROLSAC2.RS2_TIPOMSI(TPMS_CODIGO, TPMS_IDENTI, TPMS_CODSIA)
VALUES (RS2_TIPOMSI_SEQ.NEXTVAL, 'TELECOMUNICACION_INFORMACION', 50);
INSERT INTO ROLSAC2.RS2_TRATPMS(TRTI_CODIGO, TRTI_CODTPMS, TRTI_IDIOMA, TRTI_DESCRI)
VALUES (RS2_TRATPMS_SEQ.NEXTVAL, RS2_TIPOMSI_SEQ.CURRVAL, 'es', 'Telecomunicaciones y Sociedad de la Información');
INSERT INTO ROLSAC2.RS2_TRATPMS(TRTI_CODIGO, TRTI_CODTPMS, TRTI_IDIOMA, TRTI_DESCRI)
VALUES (RS2_TRATPMS_SEQ.NEXTVAL, RS2_TIPOMSI_SEQ.CURRVAL, 'ca', 'Telecomunicacions i Societat de la Informació');

INSERT INTO ROLSAC2.RS2_TIPOMSI(TPMS_CODIGO, TPMS_IDENTI, TPMS_CODSIA)
VALUES (RS2_TIPOMSI_SEQ.NEXTVAL, 'TURISMO_OCIO', 51);
INSERT INTO ROLSAC2.RS2_TRATPMS(TRTI_CODIGO, TRTI_CODTPMS, TRTI_IDIOMA, TRTI_DESCRI)
VALUES (RS2_TRATPMS_SEQ.NEXTVAL, RS2_TIPOMSI_SEQ.CURRVAL, 'es', 'Turismo, ocio y tiempo libre');
INSERT INTO ROLSAC2.RS2_TRATPMS(TRTI_CODIGO, TRTI_CODTPMS, TRTI_IDIOMA, TRTI_DESCRI)
VALUES (RS2_TRATPMS_SEQ.NEXTVAL, RS2_TIPOMSI_SEQ.CURRVAL, 'ca', 'Turisme, oci i temps lliure');

INSERT INTO ROLSAC2.RS2_TIPOMSI(TPMS_CODIGO, TPMS_IDENTI, TPMS_CODSIA)
VALUES (RS2_TIPOMSI_SEQ.NEXTVAL, 'SERVICIOS_SOCIALES', 52);
INSERT INTO ROLSAC2.RS2_TRATPMS(TRTI_CODIGO, TRTI_CODTPMS, TRTI_IDIOMA, TRTI_DESCRI)
VALUES (RS2_TRATPMS_SEQ.NEXTVAL, RS2_TIPOMSI_SEQ.CURRVAL, 'es', 'Servicios Sociales e Igualdad');
INSERT INTO ROLSAC2.RS2_TRATPMS(TRTI_CODIGO, TRTI_CODTPMS, TRTI_IDIOMA, TRTI_DESCRI)
VALUES (RS2_TRATPMS_SEQ.NEXTVAL, RS2_TIPOMSI_SEQ.CURRVAL, 'ca', 'Serveis Socials i Igualtat');

INSERT INTO ROLSAC2.RS2_TIPOMSI(TPMS_CODIGO, TPMS_IDENTI, TPMS_CODSIA)
VALUES (RS2_TIPOMSI_SEQ.NEXTVAL, 'COMUNICACION', 53);
INSERT INTO ROLSAC2.RS2_TRATPMS(TRTI_CODIGO, TRTI_CODTPMS, TRTI_IDIOMA, TRTI_DESCRI)
VALUES (RS2_TRATPMS_SEQ.NEXTVAL, RS2_TIPOMSI_SEQ.CURRVAL, 'es', 'Comunicación');
INSERT INTO ROLSAC2.RS2_TRATPMS(TRTI_CODIGO, TRTI_CODTPMS, TRTI_IDIOMA, TRTI_DESCRI)
VALUES (RS2_TRATPMS_SEQ.NEXTVAL, RS2_TIPOMSI_SEQ.CURRVAL, 'ca', 'Comunicació');

/** Los sexos segun rolsac1 **/
INSERT INTO ROLSAC2.RS2_TIPOSEX(TPSX_CODIGO, TPSX_IDENTI)
VALUES (RS2_TIPOSEX_SEQ.NEXTVAL, 'MASCULINO');
INSERT INTO ROLSAC2.RS2_TRATPSX(TRTS_CODIGO, TRTS_CODTPSX, TRTS_IDIOMA, TRTS_DESCRI)
VALUES (RS2_TRATPSX_SEQ.NEXTVAL, RS2_TIPOSEX_SEQ.CURRVAL, 'es', 'Masculino');
INSERT INTO ROLSAC2.RS2_TRATPSX(TRTS_CODIGO, TRTS_CODTPSX, TRTS_IDIOMA, TRTS_DESCRI)
VALUES (RS2_TRATPSX_SEQ.NEXTVAL, RS2_TIPOSEX_SEQ.CURRVAL, 'ca', 'Masculí');

INSERT INTO ROLSAC2.RS2_TIPOSEX(TPSX_CODIGO, TPSX_IDENTI)
VALUES (RS2_TIPOSEX_SEQ.NEXTVAL, 'FEMENINO');
INSERT INTO ROLSAC2.RS2_TRATPSX(TRTS_CODIGO, TRTS_CODTPSX, TRTS_IDIOMA, TRTS_DESCRI)
VALUES (RS2_TRATPSX_SEQ.NEXTVAL, RS2_TIPOSEX_SEQ.CURRVAL, 'es', 'Femenino');
INSERT INTO ROLSAC2.RS2_TRATPSX(TRTS_CODIGO, TRTS_CODTPSX, TRTS_IDIOMA, TRTS_DESCRI)
VALUES (RS2_TRATPSX_SEQ.NEXTVAL, RS2_TIPOSEX_SEQ.CURRVAL, 'ca', 'Femení');

/** Los tipos de normativas. **/
INSERT INTO RS2_TIPONOR(TPNO_CODIGO , TPNO_IDENTI, TPNO_CODSIA, TPNO_IDBOIB) VALUES (RS2_TIPONOR_SEQ.NEXTVAL,'DESCONOCIDO', 7,	2);
INSERT INTO RS2_TRATPNO(TRTN_CODIGO,TRTN_CODTPNO,TNTR_DESCR,TRTN_IDIOMA) VALUES (RS2_TRATPNO_SEQ.NEXTVAL, RS2_TIPONOR_SEQ.CURRVAL,'Desconocido','es');
INSERT INTO RS2_TRATPNO(TRTN_CODIGO,TRTN_CODTPNO,TNTR_DESCR,TRTN_IDIOMA) VALUES (RS2_TRATPNO_SEQ.NEXTVAL, RS2_TIPONOR_SEQ.CURRVAL,'Desconegut','ca');

INSERT INTO RS2_TIPONOR(TPNO_CODIGO , TPNO_IDENTI, TPNO_CODSIA, TPNO_IDBOIB) VALUES (RS2_TIPONOR_SEQ.NEXTVAL,'LEY', 7,	2);
INSERT INTO RS2_TRATPNO(TRTN_CODIGO,TRTN_CODTPNO,TNTR_DESCR,TRTN_IDIOMA) VALUES (RS2_TRATPNO_SEQ.NEXTVAL, RS2_TIPONOR_SEQ.CURRVAL,'Ley','es');
INSERT INTO RS2_TRATPNO(TRTN_CODIGO,TRTN_CODTPNO,TNTR_DESCR,TRTN_IDIOMA) VALUES (RS2_TRATPNO_SEQ.NEXTVAL, RS2_TIPONOR_SEQ.CURRVAL,'Llei','ca');

INSERT INTO RS2_TIPONOR(TPNO_CODIGO , TPNO_IDENTI, TPNO_CODSIA, TPNO_IDBOIB) VALUES (RS2_TIPONOR_SEQ.NEXTVAL,'DECRETO', 19, 5225);
INSERT INTO RS2_TRATPNO(TRTN_CODIGO,TRTN_CODTPNO,TNTR_DESCR,TRTN_IDIOMA) VALUES (RS2_TRATPNO_SEQ.NEXTVAL, RS2_TIPONOR_SEQ.CURRVAL,'Decreto','es');
INSERT INTO RS2_TRATPNO(TRTN_CODIGO,TRTN_CODTPNO,TNTR_DESCR,TRTN_IDIOMA) VALUES (RS2_TRATPNO_SEQ.NEXTVAL, RS2_TIPONOR_SEQ.CURRVAL,'Decret','ca');

INSERT INTO RS2_TIPONOR(TPNO_CODIGO , TPNO_IDENTI, TPNO_CODSIA, TPNO_IDBOIB) VALUES (RS2_TIPONOR_SEQ.NEXTVAL,'REAL_DECRETO', 10, null);
INSERT INTO RS2_TRATPNO(TRTN_CODIGO,TRTN_CODTPNO,TNTR_DESCR,TRTN_IDIOMA) VALUES (RS2_TRATPNO_SEQ.NEXTVAL, RS2_TIPONOR_SEQ.CURRVAL,'Real Decreto','es');
INSERT INTO RS2_TRATPNO(TRTN_CODIGO,TRTN_CODTPNO,TNTR_DESCR,TRTN_IDIOMA) VALUES (RS2_TRATPNO_SEQ.NEXTVAL, RS2_TIPONOR_SEQ.CURRVAL,'Reial Decret','ca');

INSERT INTO RS2_TIPONOR(TPNO_CODIGO , TPNO_IDENTI, TPNO_CODSIA, TPNO_IDBOIB) VALUES (RS2_TIPONOR_SEQ.NEXTVAL,'ORDEN',	11,	5227);
INSERT INTO RS2_TRATPNO(TRTN_CODIGO,TRTN_CODTPNO,TNTR_DESCR,TRTN_IDIOMA) VALUES (RS2_TRATPNO_SEQ.NEXTVAL, RS2_TIPONOR_SEQ.CURRVAL,'Orden','es');
INSERT INTO RS2_TRATPNO(TRTN_CODIGO,TRTN_CODTPNO,TNTR_DESCR,TRTN_IDIOMA) VALUES (RS2_TRATPNO_SEQ.NEXTVAL, RS2_TIPONOR_SEQ.CURRVAL,'Ordre','ca');

INSERT INTO RS2_TIPONOR(TPNO_CODIGO , TPNO_IDENTI, TPNO_CODSIA, TPNO_IDBOIB) VALUES (RS2_TIPONOR_SEQ.NEXTVAL,'REAL_DECRETO_LEY', 9, null);
INSERT INTO RS2_TRATPNO(TRTN_CODIGO,TRTN_CODTPNO,TNTR_DESCR,TRTN_IDIOMA) VALUES (RS2_TRATPNO_SEQ.NEXTVAL, RS2_TIPONOR_SEQ.CURRVAL,'Reial Decret Llei','ca');
INSERT INTO RS2_TRATPNO(TRTN_CODIGO,TRTN_CODTPNO,TNTR_DESCR,TRTN_IDIOMA) VALUES (RS2_TRATPNO_SEQ.NEXTVAL, RS2_TIPONOR_SEQ.CURRVAL,'Real Decreto Ley','es');

INSERT INTO RS2_TIPONOR(TPNO_CODIGO , TPNO_IDENTI, TPNO_CODSIA, TPNO_IDBOIB) VALUES (RS2_TIPONOR_SEQ.NEXTVAL,'REAL_DECRETO_LEG',	8,null);
INSERT INTO RS2_TRATPNO(TRTN_CODIGO,TRTN_CODTPNO,TNTR_DESCR,TRTN_IDIOMA) VALUES (RS2_TRATPNO_SEQ.NEXTVAL, RS2_TIPONOR_SEQ.CURRVAL,'Real Decreto Legislativo','ca');
INSERT INTO RS2_TRATPNO(TRTN_CODIGO,TRTN_CODTPNO,TNTR_DESCR,TRTN_IDIOMA) VALUES (RS2_TRATPNO_SEQ.NEXTVAL, RS2_TIPONOR_SEQ.CURRVAL,'Reial Decret Legislatiu','es');

INSERT INTO RS2_TIPONOR(TPNO_CODIGO , TPNO_IDENTI, TPNO_CODSIA, TPNO_IDBOIB) VALUES (RS2_TIPONOR_SEQ.NEXTVAL,'DECRETO_LEY', 9,29);
INSERT INTO RS2_TRATPNO(TRTN_CODIGO,TRTN_CODTPNO,TNTR_DESCR,TRTN_IDIOMA) VALUES (RS2_TRATPNO_SEQ.NEXTVAL, RS2_TIPONOR_SEQ.CURRVAL,'Decreto Ley','es');
INSERT INTO RS2_TRATPNO(TRTN_CODIGO,TRTN_CODTPNO,TNTR_DESCR,TRTN_IDIOMA) VALUES (RS2_TRATPNO_SEQ.NEXTVAL, RS2_TIPONOR_SEQ.CURRVAL,'Decret Llei','ca');

INSERT INTO RS2_TIPONOR(TPNO_CODIGO , TPNO_IDENTI, TPNO_CODSIA, TPNO_IDBOIB) VALUES (RS2_TIPONOR_SEQ.NEXTVAL,'DECRETO_LEG',	22,	31);
INSERT INTO RS2_TRATPNO(TRTN_CODIGO,TRTN_CODTPNO,TNTR_DESCR,TRTN_IDIOMA) VALUES (RS2_TRATPNO_SEQ.NEXTVAL, RS2_TIPONOR_SEQ.CURRVAL,'Decret Legislatiu','ca');
INSERT INTO RS2_TRATPNO(TRTN_CODIGO,TRTN_CODTPNO,TNTR_DESCR,TRTN_IDIOMA) VALUES (RS2_TRATPNO_SEQ.NEXTVAL, RS2_TIPONOR_SEQ.CURRVAL,'Decreto Legislativo','es');

INSERT INTO RS2_TIPONOR(TPNO_CODIGO , TPNO_IDENTI, TPNO_CODSIA, TPNO_IDBOIB) VALUES (RS2_TIPONOR_SEQ.NEXTVAL,'ORDEN_MINISTERIAL', 11,null);
INSERT INTO RS2_TRATPNO(TRTN_CODIGO,TRTN_CODTPNO,TNTR_DESCR,TRTN_IDIOMA) VALUES (RS2_TRATPNO_SEQ.NEXTVAL, RS2_TIPONOR_SEQ.CURRVAL,'Ordre Ministerial','ca');
INSERT INTO RS2_TRATPNO(TRTN_CODIGO,TRTN_CODTPNO,TNTR_DESCR,TRTN_IDIOMA) VALUES (RS2_TRATPNO_SEQ.NEXTVAL, RS2_TIPONOR_SEQ.CURRVAL,'Ordre Ministerial','es');

INSERT INTO RS2_TIPONOR(TPNO_CODIGO , TPNO_IDENTI, TPNO_CODSIA, TPNO_IDBOIB) VALUES (RS2_TIPONOR_SEQ.NEXTVAL,'DECRETO_PRESIDENTE',19,184);
INSERT INTO RS2_TRATPNO(TRTN_CODIGO,TRTN_CODTPNO,TNTR_DESCR,TRTN_IDIOMA) VALUES (RS2_TRATPNO_SEQ.NEXTVAL, RS2_TIPONOR_SEQ.CURRVAL,'Decret del president','ca');
INSERT INTO RS2_TRATPNO(TRTN_CODIGO,TRTN_CODTPNO,TNTR_DESCR,TRTN_IDIOMA) VALUES (RS2_TRATPNO_SEQ.NEXTVAL, RS2_TIPONOR_SEQ.CURRVAL,'Decreto del presidente','es');

INSERT INTO RS2_TIPONOR(TPNO_CODIGO , TPNO_IDENTI, TPNO_CODSIA, TPNO_IDBOIB) VALUES (RS2_TIPONOR_SEQ.NEXTVAL,'REGLAMENTO',	18, null);
INSERT INTO RS2_TRATPNO(TRTN_CODIGO,TRTN_CODTPNO,TNTR_DESCR,TRTN_IDIOMA) VALUES (RS2_TRATPNO_SEQ.NEXTVAL, RS2_TIPONOR_SEQ.CURRVAL,'Reglamento','es');
INSERT INTO RS2_TRATPNO(TRTN_CODIGO,TRTN_CODTPNO,TNTR_DESCR,TRTN_IDIOMA) VALUES (RS2_TRATPNO_SEQ.NEXTVAL, RS2_TIPONOR_SEQ.CURRVAL,'Reglament','ca');

INSERT INTO RS2_TIPONOR(TPNO_CODIGO , TPNO_IDENTI, TPNO_CODSIA, TPNO_IDBOIB) VALUES (RS2_TIPONOR_SEQ.NEXTVAL,'DIRECTIVA_EUROPEA', null, null);
INSERT INTO RS2_TRATPNO(TRTN_CODIGO,TRTN_CODTPNO,TNTR_DESCR,TRTN_IDIOMA) VALUES (RS2_TRATPNO_SEQ.NEXTVAL, RS2_TIPONOR_SEQ.CURRVAL,'Directiva Europea','es');
INSERT INTO RS2_TRATPNO(TRTN_CODIGO,TRTN_CODTPNO,TNTR_DESCR,TRTN_IDIOMA) VALUES (RS2_TRATPNO_SEQ.NEXTVAL, RS2_TIPONOR_SEQ.CURRVAL,'Directiva Europea','ca');

INSERT INTO RS2_TIPONOR(TPNO_CODIGO , TPNO_IDENTI, TPNO_CODSIA, TPNO_IDBOIB) VALUES (RS2_TIPONOR_SEQ.NEXTVAL,'LEY_ORGANICA', null, null);
INSERT INTO RS2_TRATPNO(TRTN_CODIGO,TRTN_CODTPNO,TNTR_DESCR,TRTN_IDIOMA) VALUES (RS2_TRATPNO_SEQ.NEXTVAL, RS2_TIPONOR_SEQ.CURRVAL,'Llei Orgànica','ca');
INSERT INTO RS2_TRATPNO(TRTN_CODIGO,TRTN_CODTPNO,TNTR_DESCR,TRTN_IDIOMA) VALUES (RS2_TRATPNO_SEQ.NEXTVAL, RS2_TIPONOR_SEQ.CURRVAL,'Ley Orgánica','es');

INSERT INTO RS2_TIPONOR(TPNO_CODIGO , TPNO_IDENTI, TPNO_CODSIA, TPNO_IDBOIB) VALUES (RS2_TIPONOR_SEQ.NEXTVAL,'REGLAMENTO_EUROPEO', null, null);
INSERT INTO RS2_TRATPNO(TRTN_CODIGO,TRTN_CODTPNO,TNTR_DESCR,TRTN_IDIOMA) VALUES (RS2_TRATPNO_SEQ.NEXTVAL, RS2_TIPONOR_SEQ.CURRVAL,'Reglament Europeu','ca');
INSERT INTO RS2_TRATPNO(TRTN_CODIGO,TRTN_CODTPNO,TNTR_DESCR,TRTN_IDIOMA) VALUES (RS2_TRATPNO_SEQ.NEXTVAL, RS2_TIPONOR_SEQ.CURRVAL,'Reglamento Europeo','es');

INSERT INTO RS2_TIPONOR(TPNO_CODIGO , TPNO_IDENTI, TPNO_CODSIA, TPNO_IDBOIB) VALUES (RS2_TIPONOR_SEQ.NEXTVAL,'NORMA_CONSTITUCIONAL', null, null);
INSERT INTO RS2_TRATPNO(TRTN_CODIGO,TRTN_CODTPNO,TNTR_DESCR,TRTN_IDIOMA) VALUES (RS2_TRATPNO_SEQ.NEXTVAL, RS2_TIPONOR_SEQ.CURRVAL,'Norma Constitucional','ca');
INSERT INTO RS2_TRATPNO(TRTN_CODIGO,TRTN_CODTPNO,TNTR_DESCR,TRTN_IDIOMA) VALUES (RS2_TRATPNO_SEQ.NEXTVAL, RS2_TIPONOR_SEQ.CURRVAL,'Norma Constitucional','es');

INSERT INTO RS2_TIPONOR(TPNO_CODIGO , TPNO_IDENTI, TPNO_CODSIA, TPNO_IDBOIB) VALUES (RS2_TIPONOR_SEQ.NEXTVAL,'TRATADO_Y_ACUERDO_INTERNACIONAL', null, null);
INSERT INTO RS2_TRATPNO(TRTN_CODIGO,TRTN_CODTPNO,TNTR_DESCR,TRTN_IDIOMA) VALUES (RS2_TRATPNO_SEQ.NEXTVAL, RS2_TIPONOR_SEQ.CURRVAL,'Tractat i acord internacional','ca');
INSERT INTO RS2_TRATPNO(TRTN_CODIGO,TRTN_CODTPNO,TNTR_DESCR,TRTN_IDIOMA) VALUES (RS2_TRATPNO_SEQ.NEXTVAL, RS2_TIPONOR_SEQ.CURRVAL,'Tratado y acuerdo institucional','es');

INSERT INTO RS2_TIPONOR(TPNO_CODIGO , TPNO_IDENTI, TPNO_CODSIA, TPNO_IDBOIB) VALUES (RS2_TIPONOR_SEQ.NEXTVAL,'DIRECTIVA', null, null);
INSERT INTO RS2_TRATPNO(TRTN_CODIGO,TRTN_CODTPNO,TNTR_DESCR,TRTN_IDIOMA) VALUES (RS2_TRATPNO_SEQ.NEXTVAL, RS2_TIPONOR_SEQ.CURRVAL,'Directiva','ca');
INSERT INTO RS2_TRATPNO(TRTN_CODIGO,TRTN_CODTPNO,TNTR_DESCR,TRTN_IDIOMA) VALUES (RS2_TRATPNO_SEQ.NEXTVAL, RS2_TIPONOR_SEQ.CURRVAL,'Directiva','es');

INSERT INTO RS2_TIPONOR(TPNO_CODIGO , TPNO_IDENTI, TPNO_CODSIA, TPNO_IDBOIB) VALUES (RS2_TIPONOR_SEQ.NEXTVAL,'DECISION', null, null);
INSERT INTO RS2_TRATPNO(TRTN_CODIGO,TRTN_CODTPNO,TNTR_DESCR,TRTN_IDIOMA) VALUES (RS2_TRATPNO_SEQ.NEXTVAL, RS2_TIPONOR_SEQ.CURRVAL,'Decisió','ca');
INSERT INTO RS2_TRATPNO(TRTN_CODIGO,TRTN_CODTPNO,TNTR_DESCR,TRTN_IDIOMA) VALUES (RS2_TRATPNO_SEQ.NEXTVAL, RS2_TIPONOR_SEQ.CURRVAL,'Decisión','es');

INSERT INTO RS2_TIPONOR(TPNO_CODIGO , TPNO_IDENTI, TPNO_CODSIA, TPNO_IDBOIB) VALUES (RS2_TIPONOR_SEQ.NEXTVAL,'RESOLUCION', null, null);
INSERT INTO RS2_TRATPNO(TRTN_CODIGO,TRTN_CODTPNO,TNTR_DESCR,TRTN_IDIOMA) VALUES (RS2_TRATPNO_SEQ.NEXTVAL, RS2_TIPONOR_SEQ.CURRVAL,'Resolució','ca');
INSERT INTO RS2_TRATPNO(TRTN_CODIGO,TRTN_CODTPNO,TNTR_DESCR,TRTN_IDIOMA) VALUES (RS2_TRATPNO_SEQ.NEXTVAL, RS2_TIPONOR_SEQ.CURRVAL,'Resolución','es');

INSERT INTO RS2_TIPONOR(TPNO_CODIGO , TPNO_IDENTI, TPNO_CODSIA, TPNO_IDBOIB) VALUES (RS2_TIPONOR_SEQ.NEXTVAL,'INSTRUCCION', null, null);
INSERT INTO RS2_TRATPNO(TRTN_CODIGO,TRTN_CODTPNO,TNTR_DESCR,TRTN_IDIOMA) VALUES (RS2_TRATPNO_SEQ.NEXTVAL, RS2_TIPONOR_SEQ.CURRVAL,'Intrucció','ca');
INSERT INTO RS2_TRATPNO(TRTN_CODIGO,TRTN_CODTPNO,TNTR_DESCR,TRTN_IDIOMA) VALUES (RS2_TRATPNO_SEQ.NEXTVAL, RS2_TIPONOR_SEQ.CURRVAL,'Intrucción','es');

INSERT INTO RS2_TIPONOR(TPNO_CODIGO , TPNO_IDENTI, TPNO_CODSIA, TPNO_IDBOIB) VALUES (RS2_TIPONOR_SEQ.NEXTVAL,'CIRCULAR', null, null);
INSERT INTO RS2_TRATPNO(TRTN_CODIGO,TRTN_CODTPNO,TNTR_DESCR,TRTN_IDIOMA) VALUES (RS2_TRATPNO_SEQ.NEXTVAL, RS2_TIPONOR_SEQ.CURRVAL,'Circular','ca');
INSERT INTO RS2_TRATPNO(TRTN_CODIGO,TRTN_CODTPNO,TNTR_DESCR,TRTN_IDIOMA) VALUES (RS2_TRATPNO_SEQ.NEXTVAL, RS2_TIPONOR_SEQ.CURRVAL,'Circular','es');

INSERT INTO RS2_TIPONOR(TPNO_CODIGO , TPNO_IDENTI, TPNO_CODSIA, TPNO_IDBOIB) VALUES (RS2_TIPONOR_SEQ.NEXTVAL,'ACUERDO', null, null);
INSERT INTO RS2_TRATPNO(TRTN_CODIGO,TRTN_CODTPNO,TNTR_DESCR,TRTN_IDIOMA) VALUES (RS2_TRATPNO_SEQ.NEXTVAL, RS2_TIPONOR_SEQ.CURRVAL,'Acord','ca');
INSERT INTO RS2_TRATPNO(TRTN_CODIGO,TRTN_CODTPNO,TNTR_DESCR,TRTN_IDIOMA) VALUES (RS2_TRATPNO_SEQ.NEXTVAL, RS2_TIPONOR_SEQ.CURRVAL,'Acuerdo','es');

INSERT INTO RS2_TIPONOR(TPNO_CODIGO , TPNO_IDENTI, TPNO_CODSIA, TPNO_IDBOIB) VALUES (RS2_TIPONOR_SEQ.NEXTVAL,'ACUERDO', null, null);
INSERT INTO RS2_TRATPNO(TRTN_CODIGO,TRTN_CODTPNO,TNTR_DESCR,TRTN_IDIOMA) VALUES (RS2_TRATPNO_SEQ.NEXTVAL, RS2_TIPONOR_SEQ.CURRVAL,'Acord','ca');
INSERT INTO RS2_TRATPNO(TRTN_CODIGO,TRTN_CODTPNO,TNTR_DESCR,TRTN_IDIOMA) VALUES (RS2_TRATPNO_SEQ.NEXTVAL, RS2_TIPONOR_SEQ.CURRVAL,'Acuerdo','es');

INSERT INTO RS2_TIPONOR(TPNO_CODIGO , TPNO_IDENTI, TPNO_CODSIA, TPNO_IDBOIB) VALUES (RS2_TIPONOR_SEQ.NEXTVAL,'ORDENANZA', null, null);
INSERT INTO RS2_TRATPNO(TRTN_CODIGO,TRTN_CODTPNO,TNTR_DESCR,TRTN_IDIOMA) VALUES (RS2_TRATPNO_SEQ.NEXTVAL, RS2_TIPONOR_SEQ.CURRVAL,'Ordenança','ca');
INSERT INTO RS2_TRATPNO(TRTN_CODIGO,TRTN_CODTPNO,TNTR_DESCR,TRTN_IDIOMA) VALUES (RS2_TRATPNO_SEQ.NEXTVAL, RS2_TIPONOR_SEQ.CURRVAL,'Ordenanza','es');

INSERT INTO RS2_TIPONOR(TPNO_CODIGO , TPNO_IDENTI, TPNO_CODSIA, TPNO_IDBOIB) VALUES (RS2_TIPONOR_SEQ.NEXTVAL,'SENTENCIA', null, null);
INSERT INTO RS2_TRATPNO(TRTN_CODIGO,TRTN_CODTPNO,TNTR_DESCR,TRTN_IDIOMA) VALUES (RS2_TRATPNO_SEQ.NEXTVAL, RS2_TIPONOR_SEQ.CURRVAL,'Sentència','ca');
INSERT INTO RS2_TRATPNO(TRTN_CODIGO,TRTN_CODTPNO,TNTR_DESCR,TRTN_IDIOMA) VALUES (RS2_TRATPNO_SEQ.NEXTVAL, RS2_TIPONOR_SEQ.CURRVAL,'Sentencia','es');

INSERT INTO RS2_TIPONOR(TPNO_CODIGO , TPNO_IDENTI, TPNO_CODSIA, TPNO_IDBOIB) VALUES (RS2_TIPONOR_SEQ.NEXTVAL,'OTRAS_DISPOSICIONES', null, null);
INSERT INTO RS2_TRATPNO(TRTN_CODIGO,TRTN_CODTPNO,TNTR_DESCR,TRTN_IDIOMA) VALUES (RS2_TRATPNO_SEQ.NEXTVAL, RS2_TIPONOR_SEQ.CURRVAL,'Altres disposicions','ca');
INSERT INTO RS2_TRATPNO(TRTN_CODIGO,TRTN_CODTPNO,TNTR_DESCR,TRTN_IDIOMA) VALUES (RS2_TRATPNO_SEQ.NEXTVAL, RS2_TIPONOR_SEQ.CURRVAL,'Otras disposiciones','es');

INSERT INTO RS2_TIPONOR(TPNO_CODIGO , TPNO_IDENTI, TPNO_CODSIA, TPNO_IDBOIB) VALUES (RS2_TIPONOR_SEQ.NEXTVAL,'OTROS', null, null);
INSERT INTO RS2_TRATPNO(TRTN_CODIGO,TRTN_CODTPNO,TNTR_DESCR,TRTN_IDIOMA) VALUES (RS2_TRATPNO_SEQ.NEXTVAL, RS2_TIPONOR_SEQ.CURRVAL,'Altres','ca');
INSERT INTO RS2_TRATPNO(TRTN_CODIGO,TRTN_CODTPNO,TNTR_DESCR,TRTN_IDIOMA) VALUES (RS2_TRATPNO_SEQ.NEXTVAL, RS2_TIPONOR_SEQ.CURRVAL,'Otros','es');

INSERT INTO RS2_TIPONOR(TPNO_CODIGO , TPNO_IDENTI, TPNO_CODSIA, TPNO_IDBOIB) VALUES (RS2_TIPONOR_SEQ.NEXTVAL,'LEY_FORAL', null, null);
INSERT INTO RS2_TRATPNO(TRTN_CODIGO,TRTN_CODTPNO,TNTR_DESCR,TRTN_IDIOMA) VALUES (RS2_TRATPNO_SEQ.NEXTVAL, RS2_TIPONOR_SEQ.CURRVAL,'Llei foral','ca');
INSERT INTO RS2_TRATPNO(TRTN_CODIGO,TRTN_CODTPNO,TNTR_DESCR,TRTN_IDIOMA) VALUES (RS2_TRATPNO_SEQ.NEXTVAL, RS2_TIPONOR_SEQ.CURRVAL,'Ley foral','es');

INSERT INTO RS2_TIPONOR(TPNO_CODIGO , TPNO_IDENTI, TPNO_CODSIA, TPNO_IDBOIB) VALUES (RS2_TIPONOR_SEQ.NEXTVAL,'DECRETO_FORAL', null, null);
INSERT INTO RS2_TRATPNO(TRTN_CODIGO,TRTN_CODTPNO,TNTR_DESCR,TRTN_IDIOMA) VALUES (RS2_TRATPNO_SEQ.NEXTVAL, RS2_TIPONOR_SEQ.CURRVAL,'Decret Foral','ca');
INSERT INTO RS2_TRATPNO(TRTN_CODIGO,TRTN_CODTPNO,TNTR_DESCR,TRTN_IDIOMA) VALUES (RS2_TRATPNO_SEQ.NEXTVAL, RS2_TIPONOR_SEQ.CURRVAL,'Decreto Foral','es');

/** TIPO BOLETIN **/
INSERT INTO RS2_BOLETI (BOLE_CODIGO, BOLE_IDENTI, BOLE_NOMBRE, BOLE_URL ) VALUES (1, 'BOIB', 'BOIB', 'http://boib.caib.es/pdf/2009015/mp2.pdf' );
INSERT INTO RS2_BOLETI (BOLE_CODIGO, BOLE_IDENTI, BOLE_NOMBRE, BOLE_URL ) VALUES (21, 'BOE', 'BOE', null );
INSERT INTO RS2_BOLETI (BOLE_CODIGO, BOLE_IDENTI, BOLE_NOMBRE, BOLE_URL ) VALUES (2724696, 'DOUE', 'DOUE', null);

/** TIPO PROCEDIMIENTO  */
INSERT INTO RS2_TIPOPRO(TPPR_CODIGO, TPPR_CODENTI, TPPR_IDENTI) VALUES (1,RS2_ENTIDA_SEQ.CURRVAL,'ORDENACION_ADMINISTRATIVA');
INSERT INTO RS2_TRATPPR (TRTP_CODIGO, TRTP_CODTPPR,TRTP_IDIOMA,TRTP_DESCR) VALUES (RS2_TRATPPR_SEQ.NEXTVAL,1,'es','Ordenación administrativa');
INSERT INTO RS2_TRATPPR (TRTP_CODIGO, TRTP_CODTPPR,TRTP_IDIOMA,TRTP_DESCR) VALUES (RS2_TRATPPR_SEQ.NEXTVAL,1,'ca','Ordenació administrativa');

INSERT INTO RS2_TIPOPRO(TPPR_CODIGO, TPPR_CODENTI, TPPR_IDENTI) VALUES (2,RS2_ENTIDA_SEQ.CURRVAL,'SUBVENCIONES_AYUDA');
INSERT INTO RS2_TRATPPR (TRTP_CODIGO, TRTP_CODTPPR,TRTP_IDIOMA,TRTP_DESCR) VALUES (RS2_TRATPPR_SEQ.NEXTVAL,2,'es','Subvenciones, ayudas, becas y premios');
INSERT INTO RS2_TRATPPR (TRTP_CODIGO, TRTP_CODTPPR,TRTP_IDIOMA,TRTP_DESCR) VALUES (RS2_TRATPPR_SEQ.NEXTVAL,2,'ca','Subvencions, ajuts, beques i premis');

INSERT INTO RS2_TIPOPRO(TPPR_CODIGO, TPPR_CODENTI, TPPR_IDENTI) VALUES (3,RS2_ENTIDA_SEQ.CURRVAL,'RECURSOS_RECLAMACIONES');
INSERT INTO RS2_TRATPPR (TRTP_CODIGO, TRTP_CODTPPR,TRTP_IDIOMA,TRTP_DESCR) VALUES (RS2_TRATPPR_SEQ.NEXTVAL,3,'es','Reclamaciones, Denuncias y Quejas');
INSERT INTO RS2_TRATPPR (TRTP_CODIGO, TRTP_CODTPPR,TRTP_IDIOMA,TRTP_DESCR) VALUES (RS2_TRATPPR_SEQ.NEXTVAL,3,'ca','Reclamacions, Denúncies i Queixes');

INSERT INTO RS2_TIPOPRO(TPPR_CODIGO, TPPR_CODENTI, TPPR_IDENTI) VALUES (6,1,'AUTORIZACIONES');
INSERT INTO RS2_TRATPPR (TRTP_CODIGO, TRTP_CODTPPR,TRTP_IDIOMA,TRTP_DESCR) VALUES (RS2_TRATPPR_SEQ.NEXTVAL,6,'es','Autorizaciones, licencias y concesiones');
INSERT INTO RS2_TRATPPR (TRTP_CODIGO, TRTP_CODTPPR,TRTP_IDIOMA,TRTP_DESCR) VALUES (RS2_TRATPPR_SEQ.NEXTVAL,6,'ca','Autoritzacions, llicències i concessions');

INSERT INTO RS2_TIPOPRO(TPPR_CODIGO, TPPR_CODENTI, TPPR_IDENTI) VALUES (8,RS2_ENTIDA_SEQ.CURRVAL,'SANCIONADORES' );
INSERT INTO RS2_TRATPPR (TRTP_CODIGO, TRTP_CODTPPR,TRTP_IDIOMA,TRTP_DESCR) VALUES (RS2_TRATPPR_SEQ.NEXTVAL,8,'es','Infracciones y sanciones');
INSERT INTO RS2_TRATPPR (TRTP_CODIGO, TRTP_CODTPPR,TRTP_IDIOMA,TRTP_DESCR) VALUES (RS2_TRATPPR_SEQ.NEXTVAL,8,'ca','Infraccions i sancions');

INSERT INTO RS2_TIPOPRO(TPPR_CODIGO, TPPR_CODENTI, TPPR_IDENTI) VALUES (10,RS2_ENTIDA_SEQ.CURRVAL,'REGISTRO');
INSERT INTO RS2_TRATPPR (TRTP_CODIGO, TRTP_CODTPPR,TRTP_IDIOMA,TRTP_DESCR) VALUES (RS2_TRATPPR_SEQ.NEXTVAL,10,'es','Revisiones de actos');
INSERT INTO RS2_TRATPPR (TRTP_CODIGO, TRTP_CODTPPR,TRTP_IDIOMA,TRTP_DESCR) VALUES (RS2_TRATPPR_SEQ.NEXTVAL,10,'ca','Revisions d''actes');

INSERT INTO RS2_TIPOPRO(TPPR_CODIGO, TPPR_CODENTI, TPPR_IDENTI) VALUES (11,RS2_ENTIDA_SEQ.CURRVAL,'OTROS');
INSERT INTO RS2_TRATPPR (TRTP_CODIGO, TRTP_CODTPPR,TRTP_IDIOMA,TRTP_DESCR) VALUES (RS2_TRATPPR_SEQ.NEXTVAL,11,'es','Registro y publicaciones');
INSERT INTO RS2_TRATPPR (TRTP_CODIGO, TRTP_CODTPPR,TRTP_IDIOMA,TRTP_DESCR) VALUES (RS2_TRATPPR_SEQ.NEXTVAL,11,'ca','Registre i publicacions');

INSERT INTO RS2_TIPOPRO(TPPR_CODIGO, TPPR_CODENTI, TPPR_IDENTI) VALUES (12,RS2_ENTIDA_SEQ.CURRVAL,'ACREDITACIONES');
INSERT INTO RS2_TRATPPR (TRTP_CODIGO, TRTP_CODTPPR,TRTP_IDIOMA,TRTP_DESCR) VALUES (RS2_TRATPPR_SEQ.NEXTVAL,12,'es','Acreditaciones, Homologaciones y Titulaciones');
INSERT INTO RS2_TRATPPR (TRTP_CODIGO, TRTP_CODTPPR,TRTP_IDIOMA,TRTP_DESCR) VALUES (RS2_TRATPPR_SEQ.NEXTVAL,12,'ca','Acreditacions, Homologacions i Titulacions');

INSERT INTO RS2_TIPOPRO(TPPR_CODIGO, TPPR_CODENTI, TPPR_IDENTI) VALUES (477842,RS2_ENTIDA_SEQ.CURRVAL,'PROCESOS_SELECTIVOS');
INSERT INTO RS2_TRATPPR (TRTP_CODIGO, TRTP_CODTPPR,TRTP_IDIOMA,TRTP_DESCR) VALUES (RS2_TRATPPR_SEQ.NEXTVAL,477842,'es','Procesos selectivos y de capacitación');
INSERT INTO RS2_TRATPPR (TRTP_CODIGO, TRTP_CODTPPR,TRTP_IDIOMA,TRTP_DESCR) VALUES (RS2_TRATPPR_SEQ.NEXTVAL,477842,'ca','Processos selectius i de capacitació');

INSERT INTO RS2_TIPOPRO(TPPR_CODIGO, TPPR_CODENTI, TPPR_IDENTI) VALUES (2512566,RS2_ENTIDA_SEQ.CURRVAL,'COMUNICACIONES');
INSERT INTO RS2_TRATPPR (TRTP_CODIGO, TRTP_CODTPPR,TRTP_IDIOMA,TRTP_DESCR) VALUES (RS2_TRATPPR_SEQ.NEXTVAL,2512566,'es','Comunicacions, informes i declaracions responsables');
INSERT INTO RS2_TRATPPR (TRTP_CODIGO, TRTP_CODTPPR,TRTP_IDIOMA,TRTP_DESCR) VALUES (RS2_TRATPPR_SEQ.NEXTVAL,2512566,'ca','Comunicaciones, informes y declaraciones responsables');

/** Tipos de forma de inicio **/
INSERT INTO RS2_TIPOFOI (TPFI_CODIGO, TPFI_IDENTI) VALUES (439059,'INSTANCIA_DE_PARTE');
INSERT INTO RS2_TRATPFI (TRTF_CODIGO,TRTF_CODTPFI,TRTF_IDIOMA,TRTF_DESCRI ) VALUES (RS2_TRATPFI_SEQ.NEXTVAL,439059,'es','Instancia de parte');
INSERT INTO RS2_TRATPFI (TRTF_CODIGO,TRTF_CODTPFI,TRTF_IDIOMA,TRTF_DESCRI ) VALUES (RS2_TRATPFI_SEQ.NEXTVAL,439059,'ca','Instància de part');

INSERT INTO RS2_TIPOFOI (TPFI_CODIGO, TPFI_IDENTI) VALUES (439060,'DE_OFICIO');
INSERT INTO RS2_TRATPFI (TRTF_CODIGO,TRTF_CODTPFI,TRTF_IDIOMA,TRTF_DESCRI ) VALUES (RS2_TRATPFI_SEQ.NEXTVAL,439060,'es','De oficio');
INSERT INTO RS2_TRATPFI (TRTF_CODIGO,TRTF_CODTPFI,TRTF_IDIOMA,TRTF_DESCRI ) VALUES (RS2_TRATPFI_SEQ.NEXTVAL,439060,'ca','D''ofici');

INSERT INTO RS2_TIPOFOI (TPFI_CODIGO, TPFI_IDENTI) VALUES (467084, 'INSTANCIA_PARTE_OFICIO');
INSERT INTO RS2_TRATPFI (TRTF_CODIGO,TRTF_CODTPFI,TRTF_IDIOMA,TRTF_DESCRI ) VALUES (RS2_TRATPFI_SEQ.NEXTVAL,467084,'es','Instancia de parte o de oficio');
INSERT INTO RS2_TRATPFI (TRTF_CODIGO,TRTF_CODTPFI,TRTF_IDIOMA,TRTF_DESCRI ) VALUES (RS2_TRATPFI_SEQ.NEXTVAL,467084,'ca','Instància de part o d''ofici');

/** Silencio administrativo . **/
INSERT INTO RS2_TIPOSAD (TPSA_CODIGO, TPSA_IDENTI) VALUES (2637510, 'SILENCIO' );
INSERT INTO RS2_TRATPSA (TRTS_CODIGO,TRTS_CODTPSA,TRTS_IDIOMA,TRTS_DESCRI) VALUES(RS2_TRATPSA_SEQ.NEXTVAL,2637510,'es','Silencio');
INSERT INTO RS2_TRATPSA (TRTS_CODIGO,TRTS_CODTPSA,TRTS_IDIOMA,TRTS_DESCRI) VALUES(RS2_TRATPSA_SEQ.NEXTVAL,2637510,'ca','Silenci');

INSERT INTO RS2_TIPOSAD (TPSA_CODIGO, TPSA_IDENTI) VALUES (2641575, 'POR_CARTA');
INSERT INTO RS2_TRATPSA (TRTS_CODIGO,TRTS_CODTPSA,TRTS_IDIOMA,TRTS_DESCRI) VALUES(RS2_TRATPSA_SEQ.NEXTVAL,2641575,'es','Por carta');
INSERT INTO RS2_TRATPSA (TRTS_CODIGO,TRTS_CODTPSA,TRTS_IDIOMA,TRTS_DESCRI) VALUES(RS2_TRATPSA_SEQ.NEXTVAL,2641575,'ca','Per carta');

INSERT INTO RS2_TIPOSAD (TPSA_CODIGO, TPSA_IDENTI) VALUES (2642337, 'POR_TELEFONO');
INSERT INTO RS2_TRATPSA (TRTS_CODIGO,TRTS_CODTPSA,TRTS_IDIOMA,TRTS_DESCRI) VALUES(RS2_TRATPSA_SEQ.NEXTVAL,2642337,'es','Por telefono');
INSERT INTO RS2_TRATPSA (TRTS_CODIGO,TRTS_CODTPSA,TRTS_IDIOMA,TRTS_DESCRI) VALUES(RS2_TRATPSA_SEQ.NEXTVAL,2642337,'ca','Per telèfon');

/** Tipo Legitimación **/
INSERT INTO RS2_TIPOLEG (TPLE_CODIGO, TPLE_IDENTI, TPLE_DEFECT) VALUES (2821256, 'COMPLI_INTERES_PODERES_PUB', '1');
INSERT INTO RS2_TRATPLE (TRTL_CODIGO, TRTL_CODTPLE, TRTL_IDIOMA, TRTL_DESCRI) values (RS2_TRATPLE_SEQ.NEXTVAL, 2821256, 'ca', 'Compliment d''una missió realitzada en interès públic o en l''exercici de poders públics');
INSERT INTO RS2_TRATPLE (TRTL_CODIGO, TRTL_CODTPLE, TRTL_IDIOMA, TRTL_DESCRI) values (RS2_TRATPLE_SEQ.NEXTVAL, 2821256, 'es', 'Cumplimiento de una misión realizada en interés público o en el ejercicio de poderes públicos');

INSERT INTO RS2_TIPOLEG (TPLE_CODIGO, TPLE_IDENTI, TPLE_DEFECT) VALUES (2821257, 'PROT_INTERESADO_PERSONA', '0');
INSERT INTO RS2_TRATPLE (TRTL_CODIGO, TRTL_CODTPLE, TRTL_IDIOMA, TRTL_DESCRI) values (RS2_TRATPLE_SEQ.NEXTVAL, 2821257, 'ca', 'Protegir interessos vitals de l''interessat o d''altra persona física');
INSERT INTO RS2_TRATPLE (TRTL_CODIGO, TRTL_CODTPLE, TRTL_IDIOMA, TRTL_DESCRI) values (RS2_TRATPLE_SEQ.NEXTVAL, 2821257, 'es', 'Proteger intereses vitales del interesado o de otra persona física');

INSERT INTO RS2_TIPOLEG (TPLE_CODIGO, TPLE_IDENTI, TPLE_DEFECT) VALUES (2821252, 'EJECUCION_CONTRATO', '0');
INSERT INTO RS2_TRATPLE (TRTL_CODIGO, TRTL_CODTPLE, TRTL_IDIOMA, TRTL_DESCRI) values (RS2_TRATPLE_SEQ.NEXTVAL, 2821252, 'ca', 'Execució d''un contracte');
INSERT INTO RS2_TRATPLE (TRTL_CODIGO, TRTL_CODTPLE, TRTL_IDIOMA, TRTL_DESCRI) values (RS2_TRATPLE_SEQ.NEXTVAL, 2821252, 'es', 'Ejecución de un contrato');

INSERT INTO RS2_TIPOLEG (TPLE_CODIGO, TPLE_IDENTI, TPLE_DEFECT) VALUES (2821253, 'CUMPLIMIENTO_LEGAL', '0');
INSERT INTO RS2_TRATPLE (TRTL_CODIGO, TRTL_CODTPLE, TRTL_IDIOMA, TRTL_DESCRI) values (RS2_TRATPLE_SEQ.NEXTVAL, 2821253, 'ca', 'Compliment d''una obligació legal');
INSERT INTO RS2_TRATPLE (TRTL_CODIGO, TRTL_CODTPLE, TRTL_IDIOMA, TRTL_DESCRI) values (RS2_TRATPLE_SEQ.NEXTVAL, 2821253, 'es', 'Cumplimiento de una obligación legal');

INSERT INTO RS2_TIPOLEG (TPLE_CODIGO, TPLE_IDENTI, TPLE_DEFECT) VALUES (2821258, 'CONSEN_INTERESADO', '0');
INSERT INTO RS2_TRATPLE (TRTL_CODIGO, TRTL_CODTPLE, TRTL_IDIOMA, TRTL_DESCRI) values (RS2_TRATPLE_SEQ.NEXTVAL, 2821258, 'ca', 'Consentiment de l''interessat');
INSERT INTO RS2_TRATPLE (TRTL_CODIGO, TRTL_CODTPLE, TRTL_IDIOMA, TRTL_DESCRI) values (RS2_TRATPLE_SEQ.NEXTVAL, 2821258, 'es', 'Consentimiento del interesado');

INSERT INTO RS2_TIPOLEG (TPLE_CODIGO, TPLE_IDENTI, TPLE_DEFECT) VALUES (2821254, 'MISION_INTERES_PUB', '0');
INSERT INTO RS2_TRATPLE (TRTL_CODIGO, TRTL_CODTPLE, TRTL_IDIOMA, TRTL_DESCRI) values (RS2_TRATPLE_SEQ.NEXTVAL, 2821254, 'ca', 'Missió d''interès públic');
INSERT INTO RS2_TRATPLE (TRTL_CODIGO, TRTL_CODTPLE, TRTL_IDIOMA, TRTL_DESCRI) values (RS2_TRATPLE_SEQ.NEXTVAL, 2821254, 'es', 'Misión de interés público');


/** Plataforma de tramitación electrónica **/
INSERT INTO RS2_PLATRE (PTTR_CODIGO, PTTR_CODENTI, PTTR_IDENTI) VALUES ('1', RS2_ENTIDA_SEQ.CURRVAL, 'SISTRA2');
INSERT INTO RS2_TRAPLATRE (TRPT_CODIGO, TRPT_CODPTTR, TRPT_IDIOMA, TRPT_URL, TRPT_DESCR) VALUES (RS2_TRAPTTR_SEQ.NEXTVAL, '1', 'ca',
'https://www.caib.es/sistramitfront/asistente/iniciarTramite.html?tramite=${idTramitePlataforma}\&version=${versionTramitePlatorma}\&idioma=ca\&servicioCatalogo=${servicio}\&idTramiteCatalogo=${idTramiteRolsac}\&parametros=${parametros}',
'Plataforma de tramitación SISTRA2');
INSERT INTO RS2_TRAPLATRE (TRPT_CODIGO, TRPT_CODPTTR, TRPT_IDIOMA, TRPT_URL, TRPT_DESCR) VALUES (RS2_TRAPTTR_SEQ.NEXTVAL, '1', 'es',
'https://www.caib.es/sistramitfront/asistente/iniciarTramite.html?tramite=${idTramitePlataforma}\&version=${versionTramitePlatorma}\&idioma=es\&servicioCatalogo=${servicio}\&idTramiteCatalogo=${idTramiteRolsac}\&parametros=${parametros}',
'Plataforma de tramitació SISTRA2');

INSERT INTO RS2_PLATRE (PTTR_CODIGO, PTTR_CODENTI, PTTR_IDENTI) VALUES ('2', RS2_ENTIDA_SEQ.CURRVAL, 'SISTRA1');

INSERT INTO RS2_TRAPLATRE (TRPT_CODIGO, TRPT_CODPTTR, TRPT_IDIOMA, TRPT_URL, TRPT_DESCR) VALUES (RS2_TRAPTTR_SEQ.NEXTVAL, '2', 'ca',
'https://www.caib.es/sistrafront/sistrafront/inicio?language=ca\&modelo=${idTramitePlataforma}\&version=${versionTramitePlatorma}\&parametros=${parametros}',
'Plataforma de tramitación SISTRA1');
INSERT INTO RS2_TRAPLATRE (TRPT_CODIGO, TRPT_CODPTTR, TRPT_IDIOMA, TRPT_URL, TRPT_DESCR) VALUES (RS2_TRAPTTR_SEQ.NEXTVAL, '2', 'es',
'https://www.caib.es/sistrafront/sistrafront/inicio?language=es\&modelo=${idTramitePlataforma}\&version=${versionTramitePlatorma}\&parametros=${parametros}',
'Plataforma de tramitació SISTRA1');


/** Plantillas de trámites **/
INSERT INTO RS2_TRMPRE (PRES_CODIGO,PRES_TRPRES,PRES_TRELEC,PRES_EXTURL,PRES_INTPTR,PRES_INTTID,PRES_INTTVE,PRES_INTTPA,PRES_PLANTI,PRES_CODENTI,PRES_TRTEL,PRES_FASEPROC)
VALUES (RS2_TRMPRE_SEQ.NEXTVAL,'0','1',null,'1','CAIB.SIMPL_DOC.TRAMIT_PLANTILLA','1',null,'1',RS2_ENTIDA_SEQ.CURRVAL,'0','1');
INSERT INTO RS2_TRATPTRA (TRTT_CODIGO,TRTT_CODTPTRA,TRTT_IDIOMA,TRTT_DESCRI,TRTT_URL)
VALUES (RS2_TRATPTRA_SEQ.NEXTVAL,RS2_TRMPRE_SEQ.CURRVAL,'es','a) Trámite plantilla (solicitud de inicio)',null);
INSERT INTO RS2_TRATPTRA (TRTT_CODIGO,TRTT_CODTPTRA,TRTT_IDIOMA,TRTT_DESCRI,TRTT_URL)
VALUES (RS2_TRATPTRA_SEQ.NEXTVAL,RS2_TRMPRE_SEQ.CURRVAL,'ca','a) Tràmit plantilla (sol·licitud d''inici)',null);
/** Tipo de via **/
Insert into RS2_TIPOVIA (TPVI_CODIGO, TPVI_IDENTI) values (0, 'NO');
Insert into RS2_TRATPVI (TRTV_CODIGO, TRTV_CODTPVI, TRTV_IDIOMA, TRTV_DESCRI) values (RS2_TRATPVI_SEQ.NEXTVAL, 0, 'ca', 'No');
Insert into RS2_TRATPVI (TRTV_CODIGO, TRTV_CODTPVI, TRTV_IDIOMA, TRTV_DESCRI) values (RS2_TRATPVI_SEQ.NEXTVAL, 0, 'es', 'No');
Insert into RS2_TIPOVIA (TPVI_CODIGO, TPVI_IDENTI) values (1, 'SI');
Insert into RS2_TRATPVI (TRTV_CODIGO, TRTV_CODTPVI, TRTV_IDIOMA, TRTV_DESCRI) values (RS2_TRATPVI_SEQ.NEXTVAL, 1, 'ca', 'Si');
Insert into RS2_TRATPVI (TRTV_CODIGO, TRTV_CODTPVI, TRTV_IDIOMA, TRTV_DESCRI) values (RS2_TRATPVI_SEQ.NEXTVAL, 1, 'es', 'Sí');

INSERT INTO RS2_TRMPRE (PRES_CODIGO,PRES_TRPRES,PRES_TRELEC,PRES_EXTURL,PRES_INTPTR,PRES_INTTID,PRES_INTTVE,PRES_INTTPA,PRES_PLANTI,PRES_CODENTI,PRES_TRTEL,PRES_FASEPROC)
VALUES (RS2_TRMPRE_SEQ.NEXTVAL,'0','1',null,'1','CAIB.OAE.INS_ALE_PART','1',null,'1',RS2_ENTIDA_SEQ.CURRVAL,'0','2');
INSERT INTO RS2_TRATPTRA (TRTT_CODIGO,TRTT_CODTPTRA,TRTT_IDIOMA,TRTT_DESCRI,TRTT_URL)
VALUES (RS2_TRATPTRA_SEQ.NEXTVAL,RS2_TRMPRE_SEQ.CURRVAL,'es','CAIB.OAE.INS_ALE_PART',null);
INSERT INTO RS2_TRATPTRA (TRTT_CODIGO,TRTT_CODTPTRA,TRTT_IDIOMA,TRTT_DESCRI,TRTT_URL)
VALUES (RS2_TRATPTRA_SEQ.NEXTVAL,RS2_TRMPRE_SEQ.CURRVAL,'ca','CAIB.OAE.INS_ALE_PART',null);

INSERT INTO RS2_TRMPRE (PRES_CODIGO,PRES_TRPRES,PRES_TRELEC,PRES_EXTURL,PRES_INTPTR,PRES_INTTID,PRES_INTTVE,PRES_INTTPA,PRES_PLANTI,PRES_CODENTI,PRES_TRTEL,PRES_FASEPROC)
VALUES (RS2_TRMPRE_SEQ.NEXTVAL,'0','1',null,'1','CAIB.OAE.INS_ALE_INF_PUB','1',null,'1',RS2_ENTIDA_SEQ.CURRVAL,'0','2');
INSERT INTO RS2_TRATPTRA (TRTT_CODIGO,TRTT_CODTPTRA,TRTT_IDIOMA,TRTT_DESCRI,TRTT_URL)
VALUES (RS2_TRATPTRA_SEQ.NEXTVAL,RS2_TRMPRE_SEQ.CURRVAL,'es','CAIB.OAE.INS_ALE_INF_PUB',null);
INSERT INTO RS2_TRATPTRA (TRTT_CODIGO,TRTT_CODTPTRA,TRTT_IDIOMA,TRTT_DESCRI,TRTT_URL)
VALUES (RS2_TRATPTRA_SEQ.NEXTVAL,RS2_TRMPRE_SEQ.CURRVAL,'ca','CAIB.OAE.INS_ALE_INF_PUB',null);

INSERT INTO RS2_TRMPRE (PRES_CODIGO,PRES_TRPRES,PRES_TRELEC,PRES_EXTURL,PRES_INTPTR,PRES_INTTID,PRES_INTTVE,PRES_INTTPA,PRES_PLANTI,PRES_CODENTI,PRES_TRTEL,PRES_FASEPROC)
VALUES (RS2_TRMPRE_SEQ.NEXTVAL,'0','1',null,'1','CAIB.OAE.INS_FIN_RESP','1',null,'1',RS2_ENTIDA_SEQ.CURRVAL,'0','3');
INSERT INTO RS2_TRATPTRA (TRTT_CODIGO,TRTT_CODTPTRA,TRTT_IDIOMA,TRTT_DESCRI,TRTT_URL)
VALUES (RS2_TRATPTRA_SEQ.NEXTVAL,RS2_TRMPRE_SEQ.CURRVAL,'es','Reconeixement de la responsabilitat (sancionadors)',null);
INSERT INTO RS2_TRATPTRA (TRTT_CODIGO,TRTT_CODTPTRA,TRTT_IDIOMA,TRTT_DESCRI,TRTT_URL)
VALUES (RS2_TRATPTRA_SEQ.NEXTVAL,RS2_TRMPRE_SEQ.CURRVAL,'ca','Reconocimiento de la responsabilidad (sancionadores)',null);

INSERT INTO RS2_TRMPRE (PRES_CODIGO,PRES_TRPRES,PRES_TRELEC,PRES_EXTURL,PRES_INTPTR,PRES_INTTID,PRES_INTTVE,PRES_INTTPA,PRES_PLANTI,PRES_CODENTI,PRES_TRTEL,PRES_FASEPROC)
VALUES (RS2_TRMPRE_SEQ.NEXTVAL,'0','1',null,'1','CAIB.OAE.INS_FIN_DES','1',null,'1',RS2_ENTIDA_SEQ.CURRVAL,'0','3');
INSERT INTO RS2_TRATPTRA (TRTT_CODIGO,TRTT_CODTPTRA,TRTT_IDIOMA,TRTT_DESCRI,TRTT_URL)
VALUES (RS2_TRATPTRA_SEQ.NEXTVAL,RS2_TRMPRE_SEQ.CURRVAL,'es','Al·legacions en tràmit d''audiència',null);
INSERT INTO RS2_TRATPTRA (TRTT_CODIGO,TRTT_CODTPTRA,TRTT_IDIOMA,TRTT_DESCRI,TRTT_URL)
VALUES (RS2_TRATPTRA_SEQ.NEXTVAL,RS2_TRMPRE_SEQ.CURRVAL,'ca','Alegaciones en trámite de audiencia',null);

INSERT INTO RS2_TRMPRE (PRES_CODIGO,PRES_TRPRES,PRES_TRELEC,PRES_EXTURL,PRES_INTPTR,PRES_INTTID,PRES_INTTVE,PRES_INTTPA,PRES_PLANTI,PRES_CODENTI,PRES_TRTEL,PRES_FASEPROC)
VALUES (RS2_TRMPRE_SEQ.NEXTVAL,'0','1',null,'1','CAIB.COMUNS.C_INS_DEC_RESP','1',null,'1',RS2_ENTIDA_SEQ.CURRVAL,'0','1');
INSERT INTO RS2_TRATPTRA (TRTT_CODIGO,TRTT_CODTPTRA,TRTT_IDIOMA,TRTT_DESCRI,TRTT_URL)
VALUES (RS2_TRATPTRA_SEQ.NEXTVAL,RS2_TRMPRE_SEQ.CURRVAL,'es','c) Presentación declaración responsable reconocimiento o ejercico derecho (Ley 39/2015)',null);
INSERT INTO RS2_TRATPTRA (TRTT_CODIGO,TRTT_CODTPTRA,TRTT_IDIOMA,TRTT_DESCRI,TRTT_URL)
VALUES (RS2_TRATPTRA_SEQ.NEXTVAL,RS2_TRMPRE_SEQ.CURRVAL,'ca','c) Presentació declaració responsable reconeixement o exercici dret (art.69 Llei 39/2015)',null);

INSERT INTO RS2_TRMPRE (PRES_CODIGO,PRES_TRPRES,PRES_TRELEC,PRES_EXTURL,PRES_INTPTR,PRES_INTTID,PRES_INTTVE,PRES_INTTPA,PRES_PLANTI,PRES_CODENTI,PRES_TRTEL,PRES_FASEPROC)
VALUES (RS2_TRMPRE_SEQ.NEXTVAL,'0','1',null,'1','CAIB.OAE.INS_ESM_SOL','1',null,'1',RS2_ENTIDA_SEQ.CURRVAL,'0','2');
INSERT INTO RS2_TRATPTRA (TRTT_CODIGO,TRTT_CODTPTRA,TRTT_IDIOMA,TRTT_DESCRI,TRTT_URL)
VALUES (RS2_TRATPTRA_SEQ.NEXTVAL,RS2_TRMPRE_SEQ.CURRVAL,'es','Enmienda de la solicitud',null);
INSERT INTO RS2_TRATPTRA (TRTT_CODIGO,TRTT_CODTPTRA,TRTT_IDIOMA,TRTT_DESCRI,TRTT_URL)
VALUES (RS2_TRATPTRA_SEQ.NEXTVAL,RS2_TRMPRE_SEQ.CURRVAL,'ca','Esmena de la sol·licitud',null);

INSERT INTO RS2_TRMPRE (PRES_CODIGO,PRES_TRPRES,PRES_TRELEC,PRES_EXTURL,PRES_INTPTR,PRES_INTTID,PRES_INTTVE,PRES_INTTPA,PRES_PLANTI,PRES_CODENTI,PRES_TRTEL,PRES_FASEPROC)
VALUES (RS2_TRMPRE_SEQ.NEXTVAL,'0','1',null,'1','CAIB.OAE.INS_DOC','1',null,'1',RS2_ENTIDA_SEQ.CURRVAL,'0','2');
INSERT INTO RS2_TRATPTRA (TRTT_CODIGO,TRTT_CODTPTRA,TRTT_IDIOMA,TRTT_DESCRI,TRTT_URL)
VALUES (RS2_TRATPTRA_SEQ.NEXTVAL,RS2_TRMPRE_SEQ.CURRVAL,'es','Presentación de documentación',null);
INSERT INTO RS2_TRATPTRA (TRTT_CODIGO,TRTT_CODTPTRA,TRTT_IDIOMA,TRTT_DESCRI,TRTT_URL)
VALUES (RS2_TRATPTRA_SEQ.NEXTVAL,RS2_TRMPRE_SEQ.CURRVAL,'ca','Presentació de documentación',null);

INSERT INTO RS2_TRMPRE (PRES_CODIGO,PRES_TRPRES,PRES_TRELEC,PRES_EXTURL,PRES_INTPTR,PRES_INTTID,PRES_INTTVE,PRES_INTTPA,PRES_PLANTI,PRES_CODENTI,PRES_TRTEL,PRES_FASEPROC)
VALUES (RS2_TRMPRE_SEQ.NEXTVAL,'0','1',null,'1','CAIB.OAE.INS_ALE_OFICI','1',null,'1',RS2_ENTIDA_SEQ.CURRVAL,'0','1');
INSERT INTO RS2_TRATPTRA (TRTT_CODIGO,TRTT_CODTPTRA,TRTT_IDIOMA,TRTT_DESCRI,TRTT_URL)
VALUES (RS2_TRATPTRA_SEQ.NEXTVAL,RS2_TRMPRE_SEQ.CURRVAL,'es','CAIB.OAE.INS_ALE_OFICI',null);
INSERT INTO RS2_TRATPTRA (TRTT_CODIGO,TRTT_CODTPTRA,TRTT_IDIOMA,TRTT_DESCRI,TRTT_URL)
VALUES (RS2_TRATPTRA_SEQ.NEXTVAL,RS2_TRMPRE_SEQ.CURRVAL,'ca','CAIB.OAE.INS_ALE_OFICI',null);

INSERT INTO RS2_TRMPRE (PRES_CODIGO,PRES_TRPRES,PRES_TRELEC,PRES_EXTURL,PRES_INTPTR,PRES_INTTID,PRES_INTTVE,PRES_INTTPA,PRES_PLANTI,PRES_CODENTI,PRES_TRTEL,PRES_FASEPROC)
VALUES (RS2_TRMPRE_SEQ.NEXTVAL,'0','1',null,'1','CAIB.OAE.INS_MIL_SOL','1',null,'1',RS2_ENTIDA_SEQ.CURRVAL,'0','2');
INSERT INTO RS2_TRATPTRA (TRTT_CODIGO,TRTT_CODTPTRA,TRTT_IDIOMA,TRTT_DESCRI,TRTT_URL)
VALUES (RS2_TRATPTRA_SEQ.NEXTVAL,RS2_TRMPRE_SEQ.CURRVAL,'es','Mejoramiento o modificación voluntaria de la solicitud',null);
INSERT INTO RS2_TRATPTRA (TRTT_CODIGO,TRTT_CODTPTRA,TRTT_IDIOMA,TRTT_DESCRI,TRTT_URL)
VALUES (RS2_TRATPTRA_SEQ.NEXTVAL,RS2_TRMPRE_SEQ.CURRVAL,'ca','Millora o modificació voluntària de la sol·licitud',null);

INSERT INTO RS2_TRMPRE (PRES_CODIGO,PRES_TRPRES,PRES_TRELEC,PRES_EXTURL,PRES_INTPTR,PRES_INTTID,PRES_INTTVE,PRES_INTTPA,PRES_PLANTI,PRES_CODENTI,PRES_TRTEL,PRES_FASEPROC)
VALUES (RS2_TRMPRE_SEQ.NEXTVAL,'0','1',null,'1','CAIB.OAE.INS_ALE_AUD','1',null,'1',RS2_ENTIDA_SEQ.CURRVAL,'0','2');
INSERT INTO RS2_TRATPTRA (TRTT_CODIGO,TRTT_CODTPTRA,TRTT_IDIOMA,TRTT_DESCRI,TRTT_URL)
VALUES (RS2_TRATPTRA_SEQ.NEXTVAL,RS2_TRMPRE_SEQ.CURRVAL,'es','Alegaciones en trámite de audiencia',null);
INSERT INTO RS2_TRATPTRA (TRTT_CODIGO,TRTT_CODTPTRA,TRTT_IDIOMA,TRTT_DESCRI,TRTT_URL)
VALUES (RS2_TRATPTRA_SEQ.NEXTVAL,RS2_TRMPRE_SEQ.CURRVAL,'ca','Al·legacions en tràmit d''audiència',null);

INSERT INTO RS2_TRMPRE (PRES_CODIGO,PRES_TRPRES,PRES_TRELEC,PRES_EXTURL,PRES_INTPTR,PRES_INTTID,PRES_INTTVE,PRES_INTTPA,PRES_PLANTI,PRES_CODENTI,PRES_TRTEL,PRES_FASEPROC)
VALUES (RS2_TRMPRE_SEQ.NEXTVAL,'0','1',null,'1','CAIB.OAE.INS_ACC','1',null,'1',RS2_ENTIDA_SEQ.CURRVAL,'0','2');
INSERT INTO RS2_TRATPTRA (TRTT_CODIGO,TRTT_CODTPTRA,TRTT_IDIOMA,TRTT_DESCRI,TRTT_URL)
VALUES (RS2_TRATPTRA_SEQ.NEXTVAL,RS2_TRMPRE_SEQ.CURRVAL,'es','CAIB.OAE.INS_ACC',null);
INSERT INTO RS2_TRATPTRA (TRTT_CODIGO,TRTT_CODTPTRA,TRTT_IDIOMA,TRTT_DESCRI,TRTT_URL)
VALUES (RS2_TRATPTRA_SEQ.NEXTVAL,RS2_TRMPRE_SEQ.CURRVAL,'ca','CAIB.OAE.INS_ACC',null);

INSERT INTO RS2_TRMPRE (PRES_CODIGO,PRES_TRPRES,PRES_TRELEC,PRES_EXTURL,PRES_INTPTR,PRES_INTTID,PRES_INTTVE,PRES_INTTPA,PRES_PLANTI,PRES_CODENTI,PRES_TRTEL,PRES_FASEPROC)
VALUES (RS2_TRMPRE_SEQ.NEXTVAL,'0','1',null,'1','CAIB.COMUNS.C_INS_COM_DADES','1',null,'1',RS2_ENTIDA_SEQ.CURRVAL,'0','1');
INSERT INTO RS2_TRATPTRA (TRTT_CODIGO,TRTT_CODTPTRA,TRTT_IDIOMA,TRTT_DESCRI,TRTT_URL)
VALUES (RS2_TRATPTRA_SEQ.NEXTVAL,RS2_TRMPRE_SEQ.CURRVAL,'es','CAIB.COMUNS.C_INS_COM_DADES',null);
INSERT INTO RS2_TRATPTRA (TRTT_CODIGO,TRTT_CODTPTRA,TRTT_IDIOMA,TRTT_DESCRI,TRTT_URL)
VALUES (RS2_TRATPTRA_SEQ.NEXTVAL,RS2_TRMPRE_SEQ.CURRVAL,'ca','CAIB.COMUNS.C_INS_COM_DADES',null);

/** Tipo Unidad Administrativa **/
INSERT INTO RS2_TIPOUNA (TPUA_CODIGO,TPUA_CODENTI,TPUA_IDENTI) VALUES (RS2_TIPOUNA_SEQ.NEXTVAL,RS2_ENTIDA_SEQ.CURRVAL,'ORGANISMOS_EMPRESAS');
Insert into RS2_TRATPUA (TRTU_CODIGO,TRTU_CODTPUA,TRTU_IDIOMA,TRTU_DESCRI,TRTU_CRGMAS,TRTU_CRGFEM,TRTU_TRCMAS,TRTU_TRCFEM)
VALUES (RS2_TRATPUA_SEQ.NEXTVAL,RS2_TIPOUNA_SEQ.CURRVAL,'ca','Organismes i empreses públiques (ambos)','Director/Gerent','Directora/Gerent','Sr.','Sra.');
Insert into RS2_TRATPUA (TRTU_CODIGO,TRTU_CODTPUA,TRTU_IDIOMA,TRTU_DESCRI,TRTU_CRGMAS,TRTU_CRGFEM,TRTU_TRCMAS,TRTU_TRCFEM)
VALUES (RS2_TRATPUA_SEQ.NEXTVAL,RS2_TIPOUNA_SEQ.CURRVAL,'es','Organismos y empresas públicas','Director/Gerente','Directora/Gerente','Sr.','Sra.');

INSERT INTO RS2_TIPOUNA (TPUA_CODIGO,TPUA_CODENTI,TPUA_IDENTI) VALUES (RS2_TIPOUNA_SEQ.NEXTVAL,RS2_ENTIDA_SEQ.CURRVAL,'ORGANISMOS_EMPRESAS_PUB');
Insert into RS2_TRATPUA (TRTU_CODIGO,TRTU_CODTPUA,TRTU_IDIOMA,TRTU_DESCRI,TRTU_CRGMAS,TRTU_CRGFEM,TRTU_TRCMAS,TRTU_TRCFEM)
VALUES (RS2_TRATPUA_SEQ.NEXTVAL,RS2_TIPOUNA_SEQ.CURRVAL,'ca','Organismes i empreses públiques (director)','Director','Directora','Sr.','Sra.');
Insert into RS2_TRATPUA (TRTU_CODIGO,TRTU_CODTPUA,TRTU_IDIOMA,TRTU_DESCRI,TRTU_CRGMAS,TRTU_CRGFEM,TRTU_TRCMAS,TRTU_TRCFEM)
VALUES (RS2_TRATPUA_SEQ.NEXTVAL,RS2_TIPOUNA_SEQ.CURRVAL,'es','Organismos y empresas públicas (director)','Director','Directora','Sr.','Sra.');

INSERT INTO RS2_TIPOUNA (TPUA_CODIGO,TPUA_CODENTI,TPUA_IDENTI) VALUES (RS2_TIPOUNA_SEQ.NEXTVAL,RS2_ENTIDA_SEQ.CURRVAL,'NEGOCIADO');
Insert into RS2_TRATPUA (TRTU_CODIGO,TRTU_CODTPUA,TRTU_IDIOMA,TRTU_DESCRI,TRTU_CRGMAS,TRTU_CRGFEM,TRTU_TRCMAS,TRTU_TRCFEM)
VALUES (RS2_TRATPUA_SEQ.NEXTVAL,RS2_TIPOUNA_SEQ.CURRVAL,'ca','Negociat','Cap de negociat','Cap de negociat','Sr.','Sra.');
Insert into RS2_TRATPUA (TRTU_CODIGO,TRTU_CODTPUA,TRTU_IDIOMA,TRTU_DESCRI,TRTU_CRGMAS,TRTU_CRGFEM,TRTU_TRCMAS,TRTU_TRCFEM)
VALUES (RS2_TRATPUA_SEQ.NEXTVAL,RS2_TIPOUNA_SEQ.CURRVAL,'es','Negociado','Jefe de negociado','Jefe de negociado','Sr.','Sra.');

INSERT INTO RS2_TIPOUNA (TPUA_CODIGO,TPUA_CODENTI,TPUA_IDENTI) VALUES (RS2_TIPOUNA_SEQ.NEXTVAL,RS2_ENTIDA_SEQ.CURRVAL,'PORTAVOZ_GOBIERNO');
Insert into RS2_TRATPUA (TRTU_CODIGO,TRTU_CODTPUA,TRTU_IDIOMA,TRTU_DESCRI,TRTU_CRGMAS,TRTU_CRGFEM,TRTU_TRCMAS,TRTU_TRCFEM)
VALUES (RS2_TRATPUA_SEQ.NEXTVAL,RS2_TIPOUNA_SEQ.CURRVAL,'ca','Portaveu del Govern','Portaveu','Portaveu','Sr.','Sra.');
Insert into RS2_TRATPUA (TRTU_CODIGO,TRTU_CODTPUA,TRTU_IDIOMA,TRTU_DESCRI,TRTU_CRGMAS,TRTU_CRGFEM,TRTU_TRCMAS,TRTU_TRCFEM)
VALUES (RS2_TRATPUA_SEQ.NEXTVAL,RS2_TIPOUNA_SEQ.CURRVAL,'es','Portavoz del Hobierno','Portavoz','Portavoz','Sr.','Sra.');

INSERT INTO RS2_TIPOUNA (TPUA_CODIGO,TPUA_CODENTI,TPUA_IDENTI) VALUES (RS2_TIPOUNA_SEQ.NEXTVAL,RS2_ENTIDA_SEQ.CURRVAL,'VICEPRESIDENCIA');
Insert into RS2_TRATPUA (TRTU_CODIGO,TRTU_CODTPUA,TRTU_IDIOMA,TRTU_DESCRI,TRTU_CRGMAS,TRTU_CRGFEM,TRTU_TRCMAS,TRTU_TRCFEM)
VALUES (RS2_TRATPUA_SEQ.NEXTVAL,RS2_TIPOUNA_SEQ.CURRVAL,'ca','Vicepresidència','Vicepresident','Vicepresidenta ','Sr.','Sra.');
Insert into RS2_TRATPUA (TRTU_CODIGO,TRTU_CODTPUA,TRTU_IDIOMA,TRTU_DESCRI,TRTU_CRGMAS,TRTU_CRGFEM,TRTU_TRCMAS,TRTU_TRCFEM)
VALUES (RS2_TRATPUA_SEQ.NEXTVAL,RS2_TIPOUNA_SEQ.CURRVAL,'es','Vicepresidencia','Vicepresidente','Vicepresidenta','Sr.','Sra.');

INSERT INTO RS2_TIPOUNA (TPUA_CODIGO,TPUA_CODENTI,TPUA_IDENTI) VALUES (RS2_TIPOUNA_SEQ.NEXTVAL,RS2_ENTIDA_SEQ.CURRVAL,'CONSEJERIA');
Insert into RS2_TRATPUA (TRTU_CODIGO,TRTU_CODTPUA,TRTU_IDIOMA,TRTU_DESCRI,TRTU_CRGMAS,TRTU_CRGFEM,TRTU_TRCMAS,TRTU_TRCFEM)
VALUES (RS2_TRATPUA_SEQ.NEXTVAL,RS2_TIPOUNA_SEQ.CURRVAL,'ca','Conselleria','Conseller','Consellera ','Sr.','Sra.');
Insert into RS2_TRATPUA (TRTU_CODIGO,TRTU_CODTPUA,TRTU_IDIOMA,TRTU_DESCRI,TRTU_CRGMAS,TRTU_CRGFEM,TRTU_TRCMAS,TRTU_TRCFEM)
VALUES (RS2_TRATPUA_SEQ.NEXTVAL,RS2_TIPOUNA_SEQ.CURRVAL,'es','Consejería','Consejero','Consejera','Sr.','Sra.');

INSERT INTO RS2_TIPOUNA (TPUA_CODIGO,TPUA_CODENTI,TPUA_IDENTI) VALUES (RS2_TIPOUNA_SEQ.NEXTVAL,RS2_ENTIDA_SEQ.CURRVAL,'VICEPRESIDENCIA_EJEC');
Insert into RS2_TRATPUA (TRTU_CODIGO,TRTU_CODTPUA,TRTU_IDIOMA,TRTU_DESCRI,TRTU_CRGMAS,TRTU_CRGFEM,TRTU_TRCMAS,TRTU_TRCFEM)
VALUES (RS2_TRATPUA_SEQ.NEXTVAL,RS2_TIPOUNA_SEQ.CURRVAL,'ca','Vicepresidència executiva','Vicepresident executiu','Vicepresidenta executiva','Sr.','Sra.');
Insert into RS2_TRATPUA (TRTU_CODIGO,TRTU_CODTPUA,TRTU_IDIOMA,TRTU_DESCRI,TRTU_CRGMAS,TRTU_CRGFEM,TRTU_TRCMAS,TRTU_TRCFEM)
VALUES (RS2_TRATPUA_SEQ.NEXTVAL,RS2_TIPOUNA_SEQ.CURRVAL,'es','Vicepresidencia ejecutiva','Vicepresidente ejecutivo','Vicepresidenta ejecutiva','Sr.','Sra.');

INSERT INTO RS2_TIPOUNA (TPUA_CODIGO,TPUA_CODENTI,TPUA_IDENTI) VALUES (RS2_TIPOUNA_SEQ.NEXTVAL,RS2_ENTIDA_SEQ.CURRVAL,'DEPARTAMENTO');
Insert into RS2_TRATPUA (TRTU_CODIGO,TRTU_CODTPUA,TRTU_IDIOMA,TRTU_DESCRI,TRTU_CRGMAS,TRTU_CRGFEM,TRTU_TRCMAS,TRTU_TRCFEM)
VALUES (RS2_TRATPUA_SEQ.NEXTVAL,RS2_TIPOUNA_SEQ.CURRVAL,'ca','Departament','Cap de departament','Cap de departament ','Sr.','Sra.');
Insert into RS2_TRATPUA (TRTU_CODIGO,TRTU_CODTPUA,TRTU_IDIOMA,TRTU_DESCRI,TRTU_CRGMAS,TRTU_CRGFEM,TRTU_TRCMAS,TRTU_TRCFEM)
VALUES (RS2_TRATPUA_SEQ.NEXTVAL,RS2_TIPOUNA_SEQ.CURRVAL,'es','Departamento','Jefe de departamento','Jefa de departamento','Sr.','Sra.');

INSERT INTO RS2_TIPOUNA (TPUA_CODIGO,TPUA_CODENTI,TPUA_IDENTI) VALUES (RS2_TIPOUNA_SEQ.NEXTVAL,RS2_ENTIDA_SEQ.CURRVAL,'SECCION');
Insert into RS2_TRATPUA (TRTU_CODIGO,TRTU_CODTPUA,TRTU_IDIOMA,TRTU_DESCRI,TRTU_CRGMAS,TRTU_CRGFEM,TRTU_TRCMAS,TRTU_TRCFEM)
VALUES (RS2_TRATPUA_SEQ.NEXTVAL,RS2_TIPOUNA_SEQ.CURRVAL,'ca','Secció','Cap de secció','Cap de secció ','Sr.','Sra.');
Insert into RS2_TRATPUA (TRTU_CODIGO,TRTU_CODTPUA,TRTU_IDIOMA,TRTU_DESCRI,TRTU_CRGMAS,TRTU_CRGFEM,TRTU_TRCMAS,TRTU_TRCFEM)
VALUES (RS2_TRATPUA_SEQ.NEXTVAL,RS2_TIPOUNA_SEQ.CURRVAL,'es','Sección','Jefe de sección','Jefa de sección','Sr.','Sra.');

INSERT INTO RS2_TIPOUNA (TPUA_CODIGO,TPUA_CODENTI,TPUA_IDENTI) VALUES (RS2_TIPOUNA_SEQ.NEXTVAL,RS2_ENTIDA_SEQ.CURRVAL,'PRESIDENTE');
Insert into RS2_TRATPUA (TRTU_CODIGO,TRTU_CODTPUA,TRTU_IDIOMA,TRTU_DESCRI,TRTU_CRGMAS,TRTU_CRGFEM,TRTU_TRCMAS,TRTU_TRCFEM)
VALUES (RS2_TRATPUA_SEQ.NEXTVAL,RS2_TIPOUNA_SEQ.CURRVAL,'ca','President de la junta','President','Presidenta ','Sr.','Sra.');
Insert into RS2_TRATPUA (TRTU_CODIGO,TRTU_CODTPUA,TRTU_IDIOMA,TRTU_DESCRI,TRTU_CRGMAS,TRTU_CRGFEM,TRTU_TRCMAS,TRTU_TRCFEM)
VALUES (RS2_TRATPUA_SEQ.NEXTVAL,RS2_TIPOUNA_SEQ.CURRVAL,'es','Presidente de la junta','Presidente','Presidenta','Sr.','Sra.');

INSERT INTO RS2_TIPOUNA (TPUA_CODIGO,TPUA_CODENTI,TPUA_IDENTI) VALUES (RS2_TIPOUNA_SEQ.NEXTVAL,RS2_ENTIDA_SEQ.CURRVAL,'SECRETARIA_GENERAL');
Insert into RS2_TRATPUA (TRTU_CODIGO,TRTU_CODTPUA,TRTU_IDIOMA,TRTU_DESCRI,TRTU_CRGMAS,TRTU_CRGFEM,TRTU_TRCMAS,TRTU_TRCFEM)
VALUES (RS2_TRATPUA_SEQ.NEXTVAL,RS2_TIPOUNA_SEQ.CURRVAL,'ca','Secretaria General','Secretari','Secretària','Sr.','Sra.');
Insert into RS2_TRATPUA (TRTU_CODIGO,TRTU_CODTPUA,TRTU_IDIOMA,TRTU_DESCRI,TRTU_CRGMAS,TRTU_CRGFEM,TRTU_TRCMAS,TRTU_TRCFEM)
VALUES (RS2_TRATPUA_SEQ.NEXTVAL,RS2_TIPOUNA_SEQ.CURRVAL,'es','Secretaria General','Secretario','Secretaria','Sr.','Sra.');

INSERT INTO RS2_TIPOUNA (TPUA_CODIGO,TPUA_CODENTI,TPUA_IDENTI) VALUES (RS2_TIPOUNA_SEQ.NEXTVAL,RS2_ENTIDA_SEQ.CURRVAL,'SERVICIO');
Insert into RS2_TRATPUA (TRTU_CODIGO,TRTU_CODTPUA,TRTU_IDIOMA,TRTU_DESCRI,TRTU_CRGMAS,TRTU_CRGFEM,TRTU_TRCMAS,TRTU_TRCFEM)
VALUES (RS2_TRATPUA_SEQ.NEXTVAL,RS2_TIPOUNA_SEQ.CURRVAL,'ca','Servei','Cap de servei','Cap de servei','Sr.','Sra.');
Insert into RS2_TRATPUA (TRTU_CODIGO,TRTU_CODTPUA,TRTU_IDIOMA,TRTU_DESCRI,TRTU_CRGMAS,TRTU_CRGFEM,TRTU_TRCMAS,TRTU_TRCFEM)
VALUES (RS2_TRATPUA_SEQ.NEXTVAL,RS2_TIPOUNA_SEQ.CURRVAL,'es','Servicio','Jefe del servicio','Jefa del servicio','Sr.','Sra.');

INSERT INTO RS2_TIPOUNA (TPUA_CODIGO,TPUA_CODENTI,TPUA_IDENTI) VALUES (RS2_TIPOUNA_SEQ.NEXTVAL,RS2_ENTIDA_SEQ.CURRVAL,'DELEGADO');
Insert into RS2_TRATPUA (TRTU_CODIGO,TRTU_CODTPUA,TRTU_IDIOMA,TRTU_DESCRI,TRTU_CRGMAS,TRTU_CRGFEM,TRTU_TRCMAS,TRTU_TRCFEM)
VALUES (RS2_TRATPUA_SEQ.NEXTVAL,RS2_TIPOUNA_SEQ.CURRVAL,'ca','Delegació Comarcal','Delegat','Delegada','Sr.','Sra.');
Insert into RS2_TRATPUA (TRTU_CODIGO,TRTU_CODTPUA,TRTU_IDIOMA,TRTU_DESCRI,TRTU_CRGMAS,TRTU_CRGFEM,TRTU_TRCMAS,TRTU_TRCFEM)
VALUES (RS2_TRATPUA_SEQ.NEXTVAL,RS2_TIPOUNA_SEQ.CURRVAL,'es','Delegación Comarcal','Delegado','Delegada','Sr.','Sra.');

INSERT INTO RS2_TIPOUNA (TPUA_CODIGO,TPUA_CODENTI,TPUA_IDENTI) VALUES (RS2_TIPOUNA_SEQ.NEXTVAL,RS2_ENTIDA_SEQ.CURRVAL,'GESTION');
Insert into RS2_TRATPUA (TRTU_CODIGO,TRTU_CODTPUA,TRTU_IDIOMA,TRTU_DESCRI,TRTU_CRGMAS,TRTU_CRGFEM,TRTU_TRCMAS,TRTU_TRCFEM)
VALUES (RS2_TRATPUA_SEQ.NEXTVAL,RS2_TIPOUNA_SEQ.CURRVAL,'ca','Cap de Gestió','Cap de Gestió','Cap de Gestió','Sr.','Sra.');
Insert into RS2_TRATPUA (TRTU_CODIGO,TRTU_CODTPUA,TRTU_IDIOMA,TRTU_DESCRI,TRTU_CRGMAS,TRTU_CRGFEM,TRTU_TRCMAS,TRTU_TRCFEM)
VALUES (RS2_TRATPUA_SEQ.NEXTVAL,RS2_TIPOUNA_SEQ.CURRVAL,'es','Jefe de Gestión','Jefe de Gestión','Jefa de Gestión','Sr.','Sra.');

INSERT INTO RS2_TIPOUNA (TPUA_CODIGO,TPUA_CODENTI,TPUA_IDENTI) VALUES (RS2_TIPOUNA_SEQ.NEXTVAL,RS2_ENTIDA_SEQ.CURRVAL,'INTERVENCION');
Insert into RS2_TRATPUA (TRTU_CODIGO,TRTU_CODTPUA,TRTU_IDIOMA,TRTU_DESCRI,TRTU_CRGMAS,TRTU_CRGFEM,TRTU_TRCMAS,TRTU_TRCFEM)
VALUES (RS2_TRATPUA_SEQ.NEXTVAL,RS2_TIPOUNA_SEQ.CURRVAL,'ca','Intervenció','Interventor','Interventora','Sr.','Sra.');
Insert into RS2_TRATPUA (TRTU_CODIGO,TRTU_CODTPUA,TRTU_IDIOMA,TRTU_DESCRI,TRTU_CRGMAS,TRTU_CRGFEM,TRTU_TRCMAS,TRTU_TRCFEM)
VALUES (RS2_TRATPUA_SEQ.NEXTVAL,RS2_TIPOUNA_SEQ.CURRVAL,'es','Intervención','Interventor','Interventora','Sr.','Sra.');

INSERT INTO RS2_TIPOUNA (TPUA_CODIGO,TPUA_CODENTI,TPUA_IDENTI) VALUES (RS2_TIPOUNA_SEQ.NEXTVAL,RS2_ENTIDA_SEQ.CURRVAL,'AREA');
Insert into RS2_TRATPUA (TRTU_CODIGO,TRTU_CODTPUA,TRTU_IDIOMA,TRTU_DESCRI,TRTU_CRGMAS,TRTU_CRGFEM,TRTU_TRCMAS,TRTU_TRCFEM)
VALUES (RS2_TRATPUA_SEQ.NEXTVAL,RS2_TIPOUNA_SEQ.CURRVAL,'ca','Àrea','Cap d''àrea','Cap d''àrea','Sr.','Sra.');
Insert into RS2_TRATPUA (TRTU_CODIGO,TRTU_CODTPUA,TRTU_IDIOMA,TRTU_DESCRI,TRTU_CRGMAS,TRTU_CRGFEM,TRTU_TRCMAS,TRTU_TRCFEM)
VALUES (RS2_TRATPUA_SEQ.NEXTVAL,RS2_TIPOUNA_SEQ.CURRVAL,'es','Área','Jefe de área','Jefe de área','Sr.','Sra.');

INSERT INTO RS2_TIPOUNA (TPUA_CODIGO,TPUA_CODENTI,TPUA_IDENTI) VALUES (RS2_TIPOUNA_SEQ.NEXTVAL,RS2_ENTIDA_SEQ.CURRVAL,'COORDINACION');
Insert into RS2_TRATPUA (TRTU_CODIGO,TRTU_CODTPUA,TRTU_IDIOMA,TRTU_DESCRI,TRTU_CRGMAS,TRTU_CRGFEM,TRTU_TRCMAS,TRTU_TRCFEM)
VALUES (RS2_TRATPUA_SEQ.NEXTVAL,RS2_TIPOUNA_SEQ.CURRVAL,'ca','Coordinació','Coordinador','Coordinadora','Sr.','Sra.');
Insert into RS2_TRATPUA (TRTU_CODIGO,TRTU_CODTPUA,TRTU_IDIOMA,TRTU_DESCRI,TRTU_CRGMAS,TRTU_CRGFEM,TRTU_TRCMAS,TRTU_TRCFEM)
VALUES (RS2_TRATPUA_SEQ.NEXTVAL,RS2_TIPOUNA_SEQ.CURRVAL,'es','Coordinación','Coordinador','Coordinadora','Sr.','Sra.');

INSERT INTO RS2_TIPOUNA (TPUA_CODIGO,TPUA_CODENTI,TPUA_IDENTI) VALUES (RS2_TIPOUNA_SEQ.NEXTVAL,RS2_ENTIDA_SEQ.CURRVAL,'PRESIDENCIA');
Insert into RS2_TRATPUA (TRTU_CODIGO,TRTU_CODTPUA,TRTU_IDIOMA,TRTU_DESCRI,TRTU_CRGMAS,TRTU_CRGFEM,TRTU_TRCMAS,TRTU_TRCFEM)
VALUES (RS2_TRATPUA_SEQ.NEXTVAL,RS2_TIPOUNA_SEQ.CURRVAL,'ca','Presidència','President','Presidenta','M. Hble. Sr.','M. Hble. Sra.');
Insert into RS2_TRATPUA (TRTU_CODIGO,TRTU_CODTPUA,TRTU_IDIOMA,TRTU_DESCRI,TRTU_CRGMAS,TRTU_CRGFEM,TRTU_TRCMAS,TRTU_TRCFEM)
VALUES (RS2_TRATPUA_SEQ.NEXTVAL,RS2_TIPOUNA_SEQ.CURRVAL,'es','Presidencia','Presidente','Presidenta','M. Hble. Sr.','M. Hble. Sra.');

INSERT INTO RS2_TIPOUNA (TPUA_CODIGO,TPUA_CODENTI,TPUA_IDENTI) VALUES (RS2_TIPOUNA_SEQ.NEXTVAL,RS2_ENTIDA_SEQ.CURRVAL,'INTERLOCUCION');
Insert into RS2_TRATPUA (TRTU_CODIGO,TRTU_CODTPUA,TRTU_IDIOMA,TRTU_DESCRI,TRTU_CRGMAS,TRTU_CRGFEM,TRTU_TRCMAS,TRTU_TRCFEM)
VALUES (RS2_TRATPUA_SEQ.NEXTVAL,RS2_TIPOUNA_SEQ.CURRVAL,'ca','Interlocutor/a parlamentari/ària','Interlocutor parlamentàri','Interlocutora parlamentària','Sr.','Sra.');
Insert into RS2_TRATPUA (TRTU_CODIGO,TRTU_CODTPUA,TRTU_IDIOMA,TRTU_DESCRI,TRTU_CRGMAS,TRTU_CRGFEM,TRTU_TRCMAS,TRTU_TRCFEM)
VALUES (RS2_TRATPUA_SEQ.NEXTVAL,RS2_TIPOUNA_SEQ.CURRVAL,'es','Presidencia','Presidente','Presidenta','Sr.','Sra.');

INSERT INTO RS2_TIPOUNA (TPUA_CODIGO,TPUA_CODENTI,TPUA_IDENTI) VALUES (RS2_TIPOUNA_SEQ.NEXTVAL,RS2_ENTIDA_SEQ.CURRVAL,'RESPONSABLE_COMUNICACION');
Insert into RS2_TRATPUA (TRTU_CODIGO,TRTU_CODTPUA,TRTU_IDIOMA,TRTU_DESCRI,TRTU_CRGMAS,TRTU_CRGFEM,TRTU_TRCMAS,TRTU_TRCFEM)
VALUES (RS2_TRATPUA_SEQ.NEXTVAL,RS2_TIPOUNA_SEQ.CURRVAL,'ca','Responsable de comunicació','Responsable de comunicació','Responsable de comunicació','Sr.','Sra.');
Insert into RS2_TRATPUA (TRTU_CODIGO,TRTU_CODTPUA,TRTU_IDIOMA,TRTU_DESCRI,TRTU_CRGMAS,TRTU_CRGFEM,TRTU_TRCMAS,TRTU_TRCFEM)
VALUES (RS2_TRATPUA_SEQ.NEXTVAL,RS2_TIPOUNA_SEQ.CURRVAL,'es','Responsable de comunicación','Responsable de comunicación','Responsable de comunicación','Sr.','Sra.');

INSERT INTO RS2_TIPOUNA (TPUA_CODIGO,TPUA_CODENTI,TPUA_IDENTI) VALUES (RS2_TIPOUNA_SEQ.NEXTVAL,RS2_ENTIDA_SEQ.CURRVAL,'ASESOR_TECNICO');
Insert into RS2_TRATPUA (TRTU_CODIGO,TRTU_CODTPUA,TRTU_IDIOMA,TRTU_DESCRI,TRTU_CRGMAS,TRTU_CRGFEM,TRTU_TRCMAS,TRTU_TRCFEM)
VALUES (RS2_TRATPUA_SEQ.NEXTVAL,RS2_TIPOUNA_SEQ.CURRVAL,'ca','Assessor/a tècnic/a','Assessor','Assessora','Sr.','Sra.');
Insert into RS2_TRATPUA (TRTU_CODIGO,TRTU_CODTPUA,TRTU_IDIOMA,TRTU_DESCRI,TRTU_CRGMAS,TRTU_CRGFEM,TRTU_TRCMAS,TRTU_TRCFEM)
VALUES (RS2_TRATPUA_SEQ.NEXTVAL,RS2_TIPOUNA_SEQ.CURRVAL,'es','Asesor/a técnico/a','Asesor','Asesora','Sr.','Sra.');

INSERT INTO RS2_TIPOUNA (TPUA_CODIGO,TPUA_CODENTI,TPUA_IDENTI) VALUES (RS2_TIPOUNA_SEQ.NEXTVAL,RS2_ENTIDA_SEQ.CURRVAL,'SECRETARIA_GABINETE');
Insert into RS2_TRATPUA (TRTU_CODIGO,TRTU_CODTPUA,TRTU_IDIOMA,TRTU_DESCRI,TRTU_CRGMAS,TRTU_CRGFEM,TRTU_TRCMAS,TRTU_TRCFEM)
VALUES (RS2_TRATPUA_SEQ.NEXTVAL,RS2_TIPOUNA_SEQ.CURRVAL,'ca','Secretaria del Gabinet','Cap de la Secretaria del Gabinet','Cap de la Secretaria del Gabinet','Sr.','Sra.');
Insert into RS2_TRATPUA (TRTU_CODIGO,TRTU_CODTPUA,TRTU_IDIOMA,TRTU_DESCRI,TRTU_CRGMAS,TRTU_CRGFEM,TRTU_TRCMAS,TRTU_TRCFEM)
VALUES (RS2_TRATPUA_SEQ.NEXTVAL,RS2_TIPOUNA_SEQ.CURRVAL,'es','Secretaria del Gabinete','Jefe de la Secretaría del Gabinete','Jefa de la Secretaría del Gabinete','Sr.','Sra.');

INSERT INTO RS2_TIPOUNA (TPUA_CODIGO,TPUA_CODENTI,TPUA_IDENTI) VALUES (RS2_TIPOUNA_SEQ.NEXTVAL,RS2_ENTIDA_SEQ.CURRVAL,'GABINETE');
Insert into RS2_TRATPUA (TRTU_CODIGO,TRTU_CODTPUA,TRTU_IDIOMA,TRTU_DESCRI,TRTU_CRGMAS,TRTU_CRGFEM,TRTU_TRCMAS,TRTU_TRCFEM)
VALUES (RS2_TRATPUA_SEQ.NEXTVAL,RS2_TIPOUNA_SEQ.CURRVAL,'ca','Gabinet','Cap de Gabinet','Cap de Gabinet','Sr.','Sra.');
Insert into RS2_TRATPUA (TRTU_CODIGO,TRTU_CODTPUA,TRTU_IDIOMA,TRTU_DESCRI,TRTU_CRGMAS,TRTU_CRGFEM,TRTU_TRCMAS,TRTU_TRCFEM)
VALUES (RS2_TRATPUA_SEQ.NEXTVAL,RS2_TIPOUNA_SEQ.CURRVAL,'es','Gabinete','Jefe de Gabinete','Jefa de Gabinete','Sr.','Sra.');

INSERT INTO RS2_TIPOUNA (TPUA_CODIGO,TPUA_CODENTI,TPUA_IDENTI) VALUES (RS2_TIPOUNA_SEQ.NEXTVAL,RS2_ENTIDA_SEQ.CURRVAL,'DIRECCION_GENERAL');
Insert into RS2_TRATPUA (TRTU_CODIGO,TRTU_CODTPUA,TRTU_IDIOMA,TRTU_DESCRI,TRTU_CRGMAS,TRTU_CRGFEM,TRTU_TRCMAS,TRTU_TRCFEM)
VALUES (RS2_TRATPUA_SEQ.NEXTVAL,RS2_TIPOUNA_SEQ.CURRVAL,'ca','Direcció general','Director general','Directora general','Sr.','Sra.');
Insert into RS2_TRATPUA (TRTU_CODIGO,TRTU_CODTPUA,TRTU_IDIOMA,TRTU_DESCRI,TRTU_CRGMAS,TRTU_CRGFEM,TRTU_TRCMAS,TRTU_TRCFEM)
VALUES (RS2_TRATPUA_SEQ.NEXTVAL,RS2_TIPOUNA_SEQ.CURRVAL,'es','Dirección general','Director general','Directora general','Sr.','Sra.');

INSERT INTO RS2_TIPOUNA (TPUA_CODIGO,TPUA_CODENTI,TPUA_IDENTI) VALUES (RS2_TIPOUNA_SEQ.NEXTVAL,RS2_ENTIDA_SEQ.CURRVAL,'GERENCIA');
Insert into RS2_TRATPUA (TRTU_CODIGO,TRTU_CODTPUA,TRTU_IDIOMA,TRTU_DESCRI,TRTU_CRGMAS,TRTU_CRGFEM,TRTU_TRCMAS,TRTU_TRCFEM)
VALUES (RS2_TRATPUA_SEQ.NEXTVAL,RS2_TIPOUNA_SEQ.CURRVAL,'ca','Gerencia','Gerent','Gerent','Sr.','Sra.');
Insert into RS2_TRATPUA (TRTU_CODIGO,TRTU_CODTPUA,TRTU_IDIOMA,TRTU_DESCRI,TRTU_CRGMAS,TRTU_CRGFEM,TRTU_TRCMAS,TRTU_TRCFEM)
VALUES (RS2_TRATPUA_SEQ.NEXTVAL,RS2_TIPOUNA_SEQ.CURRVAL,'es','Gerencia','Gerente','Gerente','Sr.','Sra.');

INSERT INTO RS2_TIPOUNA (TPUA_CODIGO,TPUA_CODENTI,TPUA_IDENTI) VALUES (RS2_TIPOUNA_SEQ.NEXTVAL,RS2_ENTIDA_SEQ.CURRVAL,'EN_FUNCIONES');
Insert into RS2_TRATPUA (TRTU_CODIGO,TRTU_CODTPUA,TRTU_IDIOMA,TRTU_DESCRI,TRTU_CRGMAS,TRTU_CRGFEM,TRTU_TRCMAS,TRTU_TRCFEM)
VALUES (RS2_TRATPUA_SEQ.NEXTVAL,RS2_TIPOUNA_SEQ.CURRVAL,'ca','En funcions','Director General en funcions','Directora General en funciones','Sr.','Sra.');
Insert into RS2_TRATPUA (TRTU_CODIGO,TRTU_CODTPUA,TRTU_IDIOMA,TRTU_DESCRI,TRTU_CRGMAS,TRTU_CRGFEM,TRTU_TRCMAS,TRTU_TRCFEM)
VALUES (RS2_TRATPUA_SEQ.NEXTVAL,RS2_TIPOUNA_SEQ.CURRVAL,'es','En funciones','Director General en funcions','Directora General en funciones','Sr.','Sra.');

INSERT INTO RS2_TIPOUNA (TPUA_CODIGO,TPUA_CODENTI,TPUA_IDENTI) VALUES (RS2_TIPOUNA_SEQ.NEXTVAL,RS2_ENTIDA_SEQ.CURRVAL,'VICEPRESIDENCIA_CONSELLERIA');
Insert into RS2_TRATPUA (TRTU_CODIGO,TRTU_CODTPUA,TRTU_IDIOMA,TRTU_DESCRI,TRTU_CRGMAS,TRTU_CRGFEM,TRTU_TRCMAS,TRTU_TRCFEM)
VALUES (RS2_TRATPUA_SEQ.NEXTVAL,RS2_TIPOUNA_SEQ.CURRVAL,'ca','Vicepresidència i Conselleria','Vicepresident i conseller','Vicepresidenta i consellera','Sr.','Sra.');
Insert into RS2_TRATPUA (TRTU_CODIGO,TRTU_CODTPUA,TRTU_IDIOMA,TRTU_DESCRI,TRTU_CRGMAS,TRTU_CRGFEM,TRTU_TRCMAS,TRTU_TRCFEM)
VALUES (RS2_TRATPUA_SEQ.NEXTVAL,RS2_TIPOUNA_SEQ.CURRVAL,'es','Vicepresidencia i Conselleria','Vicepresidente y conseller','Vicepresidenta y consellera','Sr.','Sra.');

INSERT INTO RS2_TIPOUNA (TPUA_CODIGO,TPUA_CODENTI,TPUA_IDENTI) VALUES (RS2_TIPOUNA_SEQ.NEXTVAL,RS2_ENTIDA_SEQ.CURRVAL,'SECRETARIA_AUTONOMICA');
Insert into RS2_TRATPUA (TRTU_CODIGO,TRTU_CODTPUA,TRTU_IDIOMA,TRTU_DESCRI,TRTU_CRGMAS,TRTU_CRGFEM,TRTU_TRCMAS,TRTU_TRCFEM)
VALUES (RS2_TRATPUA_SEQ.NEXTVAL,RS2_TIPOUNA_SEQ.CURRVAL,'ca','Secretaria autonòmica','Secretari autonòmic','Secretària autonòmica','Sr.','Sra.');
Insert into RS2_TRATPUA (TRTU_CODIGO,TRTU_CODTPUA,TRTU_IDIOMA,TRTU_DESCRI,TRTU_CRGMAS,TRTU_CRGFEM,TRTU_TRCMAS,TRTU_TRCFEM)
VALUES (RS2_TRATPUA_SEQ.NEXTVAL,RS2_TIPOUNA_SEQ.CURRVAL,'es','Secretaría autonómica','Secretario autonomico','Secretaria autonómica','Sr.','Sra.');